document_id,title,filename,local_path,pdf_url,source_website,source_page,department,connector,category,document_type,language,date,gr_date,download_date,unique_code,size,page_count,version,year,sha256,status,tags,connector_folder,classified_category,classification_confidence,classification_reason,matched_keywords,schema_version,s3_uri,run_status,s3_uploaded
saha_20260713135307_गहनरमण_नयम_१०६-स_दनक,"गृहनिर्माण नियम १०६-सी, दिनांक २२.०६.२०२६",गहनरमण_नयम_१०६-स_दनक_२२०६२०२६_2026-06-22.pdf,dataset/Sahakarayukta/गहनरमण_नयम_१०६-स_दनक_२२०६२०२६_2026-06-22.pdf,https://sahakarayukta.maharashtra.gov.in/site/upload/documents/Housing Rules Rule 106C.pdf,https://sahakarayukta.maharashtra.gov.in,https://sahakarayukta.maharashtra.gov.in/Site/Information/ListingUploadOtherPdf.aspx?Doctype=883C2837-B898-4558-8CD6-87090AD2291B&MenuID=1072,Commissioner and Registrar of Cooperative Societies,Sahakarayukta (Registrar of Cooperative Societies),Acts & Rules,Rule,Marathi,2026-06-22,2026-06-22,2026-07-13 13:53:07,,1437510,,,2026.0,7d79c0b934b52db67d7f682cf795d0da83f4ddbe0b2b3c316f4351ef62501a4e,Downloaded,,,,,,,1.1,,,
saha_20260713135311_महरषटर_सहकर_ससथ_अधनय,"महाराष्ट्र सहकारी संस्था अधिनियम, 1960 इंग्रजी आवृत्ती",महरषटर_सहकर_ससथ_अधनयम_1960_इगरज_आवतत_2025-06-06.pdf,dataset/Sahakarayukta/महरषटर_सहकर_ससथ_अधनयम_1960_इगरज_आवतत_2025-06-06.pdf,https://sahakarayukta.maharashtra.gov.in/site/upload/documents/maharashtra-co-operative-societies-act-1960- English Edition.pdf,https://sahakarayukta.maharashtra.gov.in,https://sahakarayukta.maharashtra.gov.in/Site/Information/ListingUploadOtherPdf.aspx?Doctype=883C2837-B898-4558-8CD6-87090AD2291B&MenuID=1072,Commissioner and Registrar of Cooperative Societies,Sahakarayukta (Registrar of Cooperative Societies),Acts & Rules,Act,English,2025-06-06,2025-06-06,2026-07-13 13:53:11,,1431737,,,2025.0,aacc5c61795ca813e8b7a033888e4ba9275f73c034b66235115f94c5330fd50a,Downloaded,,,,,,,1.1,,,
saha_20260713135315_महरषटर_सहकर_ससथ_सधरण,"महाराष्ट्र सहकारी संस्था (सुधारणा) नियम, २०२५",महरषटर_सहकर_ससथ_सधरण_नयम_२०२५_2025-04-15.pdf,dataset/Sahakarayukta/महरषटर_सहकर_ससथ_सधरण_नयम_२०२५_2025-04-15.pdf,https://sahakarayukta.maharashtra.gov.in/site/upload/documents/अधिसूचना-नियम सुधारणा 15-04-2025.pdf,https://sahakarayukta.maharashtra.gov.in,https://sahakarayukta.maharashtra.gov.in/Site/Information/ListingUploadOtherPdf.aspx?Doctype=883C2837-B898-4558-8CD6-87090AD2291B&MenuID=1072,Commissioner and Registrar of Cooperative Societies,Sahakarayukta (Registrar of Cooperative Societies),Acts & Rules,Rule,Marathi,2025-04-15,2025-04-15,2026-07-13 13:53:15,,1730396,,,2025.0,76e6633d4a94ad5f569b2048b3d27866c41b5fa7b7575db9bc192df6da2d64e1,Downloaded,,,,,,,1.1,,,
saha_20260713135317_महरषटर_सहकर_ससथ_सधरण,"महाराष्ट्र सहकारी संस्था (सुधारणा) नियम, 2019",महरषटर_सहकर_ससथ_सधरण_नयम_2019_2019-07-23.pdf,dataset/Sahakarayukta/महरषटर_सहकर_ससथ_सधरण_नयम_2019_2019-07-23.pdf,https://sahakarayukta.maharashtra.gov.in/site/upload/documents/MCS Amendment 2019.pdf,https://sahakarayukta.maharashtra.gov.in,https://sahakarayukta.maharashtra.gov.in/Site/Information/ListingUploadOtherPdf.aspx?Doctype=883C2837-B898-4558-8CD6-87090AD2291B&MenuID=1072,Commissioner and Registrar of Cooperative Societies,Sahakarayukta (Registrar of Cooperative Societies),Acts & Rules,Rule,Marathi,2019-07-23,2019-07-23,2026-07-13 13:53:17,,305648,,,2019.0,95e680be63145afc3b6c1698894ccdba423a1e98eddc128a6a6fb7ba2528df0b,Downloaded,,,,,,,1.1,,,
saha_20260713135320_महरषटर_सहकर_ससथ_नवडण,"महाराष्ट्र सहकारी संस्था (निवडणूक समिती) नियम, २०१४",महरषटर_सहकर_ससथ_नवडणक_समत_नयम_२०१४_2014-09-11.pdf,dataset/Sahakarayukta/महरषटर_सहकर_ससथ_नवडणक_समत_नयम_२०१४_2014-09-11.pdf,"https://sahakarayukta.maharashtra.gov.in/site/upload/documents/Maharashtra Cooperative Societies (Election Committee) Rules, 2014.pdf",https://sahakarayukta.maharashtra.gov.in,https://sahakarayukta.maharashtra.gov.in/Site/Information/ListingUploadOtherPdf.aspx?Doctype=883C2837-B898-4558-8CD6-87090AD2291B&MenuID=1072,Commissioner and Registrar of Cooperative Societies,Sahakarayukta (Registrar of Cooperative Societies),Acts & Rules,Rule,Marathi,2014-09-11,2014-09-11,2026-07-13 13:53:20,,294451,,,2014.0,70bbf61d37785f65e86c2d5a9983a285618d71eb1289ff7591519e6ee04bfc96,Downloaded,,,,,,,1.1,,,
saha_20260713135323_महरषटर_सहकर_ससथ_सधरण,"महाराष्ट्र सहकारी संस्था (सुधारणा) नियम, 2013",महरषटर_सहकर_ससथ_सधरण_नयम_2013_2013-08-13.pdf,dataset/Sahakarayukta/महरषटर_सहकर_ससथ_सधरण_नयम_2013_2013-08-13.pdf,https://sahakarayukta.maharashtra.gov.in/site/upload/documents/MCS Amendment 2013.pdf,https://sahakarayukta.maharashtra.gov.in,https://sahakarayukta.maharashtra.gov.in/Site/Information/ListingUploadOtherPdf.aspx?Doctype=883C2837-B898-4558-8CD6-87090AD2291B&MenuID=1072,Commissioner and Registrar of Cooperative Societies,Sahakarayukta (Registrar of Cooperative Societies),Acts & Rules,Rule,Marathi,2013-08-13,2013-08-13,2026-07-13 13:53:23,,867523,,,2013.0,cb66ef347da3c26bcb80597bc54d1a00f3eaa55520a8cc05df6810257d48b0c2,Downloaded,,,,,,,1.1,,,
saha_20260713135332_महरषटर_सहकर_ससथ_अधनय,"महाराष्ट्र सहकारी संस्था अधिनियम, 1960 मराठी आवृत्ती",महरषटर_सहकर_ससथ_अधनयम_1960_मरठ_आवतत_2006-11-01.pdf,dataset/Sahakarayukta/महरषटर_सहकर_ससथ_अधनयम_1960_मरठ_आवतत_2006-11-01.pdf,https://sahakarayukta.maharashtra.gov.in/site/upload/documents/maharashtra co- operative societies act-1960-Marathi Edition.pdf,https://sahakarayukta.maharashtra.gov.in,https://sahakarayukta.maharashtra.gov.in/Site/Information/ListingUploadOtherPdf.aspx?Doctype=883C2837-B898-4558-8CD6-87090AD2291B&MenuID=1072,Commissioner and Registrar of Cooperative Societies,Sahakarayukta (Registrar of Cooperative Societies),Acts & Rules,Act,Marathi,2006-11-01,2006-11-01,2026-07-13 13:53:32,,5455760,,,2006.0,71a1e5f957d5ac9b6a450b7d983d836ee04da514689b4a827c2e0f8f29fa8b71,Downloaded,,,,,,,1.1,,,
saha_20260713135336_महरषटर_सहकर_ससथ_नयम_,"महाराष्ट्र सहकारी संस्था नियम, १९६१",महरषटर_सहकर_ससथ_नयम_१९६१_1961-09-29.pdf,dataset/Sahakarayukta/महरषटर_सहकर_ससथ_नयम_१९६१_1961-09-29.pdf,"https://sahakarayukta.maharashtra.gov.in/site/upload/documents/Maharashtra Cooperative Societies Rules, 1961.pdf",https://sahakarayukta.maharashtra.gov.in,https://sahakarayukta.maharashtra.gov.in/Site/Information/ListingUploadOtherPdf.aspx?Doctype=883C2837-B898-4558-8CD6-87090AD2291B&MenuID=1072,Commissioner and Registrar of Cooperative Societies,Sahakarayukta (Registrar of Cooperative Societies),Acts & Rules,Rule,Marathi,1961-09-29,1961-09-29,2026-07-13 13:53:36,,814210,,,1961.0,a10c26b36b1b1e1a66dd68484c373c787bce8a315e37c8386a626c2a7e4e996c,Downloaded,,,,,,,1.1,,,
saha_20260713135340_आदरश_उपवध_-_गहनरमण_म,आदर्श उपविधी - गृहनिर्माण (मराठी),आदरश_उपवध_-_गहनरमण_मरठ_2015-06-11.pdf,dataset/Sahakarayukta/आदरश_उपवध_-_गहनरमण_मरठ_2015-06-11.pdf,https://sahakarayukta.maharashtra.gov.in/site/upload/documents/Housing Society Bye Laws Final 2015.pdf,https://sahakarayukta.maharashtra.gov.in,https://sahakarayukta.maharashtra.gov.in/1105/Model-Bye-Laws?Doctype=1CC73BAD-36CA-45AA-BA03-2119E31B6337,Commissioner and Registrar of Cooperative Societies,Sahakarayukta (Registrar of Cooperative Societies),Model Bye Laws,Bye-law,Marathi,2015-06-11,2015-06-11,2026-07-13 13:53:40,,2166104,,,2015.0,b76328ec0bd5c21259180446dd8193d70161f32af29e7e18989cff3639ec2f63,Downloaded,,,,,,,1.1,,,
saha_20260713135342_आदरश_उपवध_-_गहनरमण_इ,आदर्श उपविधी - गृहनिर्माण (इंग्रजी)),आदरश_उपवध_-_गहनरमण_इगरज_2014-07-10.pdf,dataset/Sahakarayukta/आदरश_उपवध_-_गहनरमण_इगरज_2014-07-10.pdf,https://sahakarayukta.maharashtra.gov.in/site/upload/documents/Model Bye Laws of Coop Housing Society New Flatowner Type (2-9-14).pdf,https://sahakarayukta.maharashtra.gov.in,https://sahakarayukta.maharashtra.gov.in/1105/Model-Bye-Laws?Doctype=1CC73BAD-36CA-45AA-BA03-2119E31B6337,Commissioner and Registrar of Cooperative Societies,Sahakarayukta (Registrar of Cooperative Societies),Model Bye Laws,Bye-law,Marathi,2014-07-10,2014-07-10,2026-07-13 13:53:42,,563668,,,2014.0,93ee6d2139f6f10ccc0212757b53db05b7565c31a03b403200ba7e3b07b68310,Downloaded,,,,,,,1.1,,,
saha_20260713135345_आदरश_उपवध_-_खरद_वकर_,आदर्श उपविधी - खरेदी विक्री सहकारी संस्था,आदरश_उपवध_-_खरद_वकर_सहकर_ससथ_2014-05-27.pdf,dataset/Sahakarayukta/आदरश_उपवध_-_खरद_वकर_सहकर_ससथ_2014-05-27.pdf,https://sahakarayukta.maharashtra.gov.in/site/upload/documents/Mode_Byelawws_of_Kharedi_Vikri_Co-operative_Society.pdf,https://sahakarayukta.maharashtra.gov.in,https://sahakarayukta.maharashtra.gov.in/1105/Model-Bye-Laws?Doctype=1CC73BAD-36CA-45AA-BA03-2119E31B6337,Commissioner and Registrar of Cooperative Societies,Sahakarayukta (Registrar of Cooperative Societies),Model Bye Laws,Bye-law,Marathi,2014-05-27,2014-05-27,2026-07-13 13:53:45,,283905,,,2014.0,d3a2a71ea99fec3a520879474a4f612d39be63a27909d68f09137e4e2430c53a,Downloaded,,,,,,,1.1,,,
saha_20260713135347_आदरश_उपवध_-_कष_परकरय,आदर्श उपविधी - कृषि प्रक्रिया सहकारी संस्था,आदरश_उपवध_-_कष_परकरय_सहकर_ससथ_2014-05-27.pdf,dataset/Sahakarayukta/आदरश_उपवध_-_कष_परकरय_सहकर_ससथ_2014-05-27.pdf,https://sahakarayukta.maharashtra.gov.in/site/upload/documents/Model_Byelaws_Of_Processing_Co-operative_Society.pdf,https://sahakarayukta.maharashtra.gov.in,https://sahakarayukta.maharashtra.gov.in/1105/Model-Bye-Laws?Doctype=1CC73BAD-36CA-45AA-BA03-2119E31B6337,Commissioner and Registrar of Cooperative Societies,Sahakarayukta (Registrar of Cooperative Societies),Model Bye Laws,Bye-law,Marathi,2014-05-27,2014-05-27,2026-07-13 13:53:47,,230628,,,2014.0,1301a71cecd261662145b9506df5942ca70c516707e5268e1f6437bfc67c8460,Downloaded,,,,,,,1.1,,,
saha_20260713135349_आदरश_उपवध_जनग_ॲणड_पर,आदर्श उपविधी जिनिंग ॲण्ड प्रसिंग सहकारी संस्था,आदरश_उपवध_जनग_ॲणड_परसग_सहकर_ससथ_2014-05-27.pdf,dataset/Sahakarayukta/आदरश_उपवध_जनग_ॲणड_परसग_सहकर_ससथ_2014-05-27.pdf,https://sahakarayukta.maharashtra.gov.in/site/upload/documents/Model_Bye-laws_Of_Ginning_and_Pressing_Co-operative_Society.pdf,https://sahakarayukta.maharashtra.gov.in,https://sahakarayukta.maharashtra.gov.in/1105/Model-Bye-Laws?Doctype=1CC73BAD-36CA-45AA-BA03-2119E31B6337,Commissioner and Registrar of Cooperative Societies,Sahakarayukta (Registrar of Cooperative Societies),Model Bye Laws,Bye-law,Marathi,2014-05-27,2014-05-27,2026-07-13 13:53:49,,413114,,,2014.0,9b2ef50cbb86b48c54955d1b3aabe670f6599a34d15c087e2046190447e29b0c,Downloaded,,,,,,,1.1,,,
saha_20260713135351_आदरश_उपवध_-_पणपरवठ_स,आदर्श उपविधी - पाणीपुरवठा सहकारी संस्था,आदरश_उपवध_-_पणपरवठ_सहकर_ससथ_2014-05-27.pdf,dataset/Sahakarayukta/आदरश_उपवध_-_पणपरवठ_सहकर_ससथ_2014-05-27.pdf,https://sahakarayukta.maharashtra.gov.in/site/upload/documents/Model_Byelaws_of_Panipurvatha_copoerative_societies.pdf,https://sahakarayukta.maharashtra.gov.in,https://sahakarayukta.maharashtra.gov.in/1105/Model-Bye-Laws?Doctype=1CC73BAD-36CA-45AA-BA03-2119E31B6337,Commissioner and Registrar of Cooperative Societies,Sahakarayukta (Registrar of Cooperative Societies),Model Bye Laws,Bye-law,Marathi,2014-05-27,2014-05-27,2026-07-13 13:53:51,,402545,,,2014.0,afd82c6a7cf2a43db14fc448b37cd102cc0b2ac89565d583a2d4ea963facc572,Downloaded,,,,,,,1.1,,,
saha_20260713135354_आदरश_उपवध_-_वहतक_सहक,आदर्श उपविधी - वाहतुक सहकारी संस्था,आदरश_उपवध_-_वहतक_सहकर_ससथ_2014-05-27.pdf,dataset/Sahakarayukta/आदरश_उपवध_-_वहतक_सहकर_ससथ_2014-05-27.pdf,https://sahakarayukta.maharashtra.gov.in/site/upload/documents/Model_Byelaws_of_Transport_Co-operative_Society.pdf,https://sahakarayukta.maharashtra.gov.in,https://sahakarayukta.maharashtra.gov.in/1105/Model-Bye-Laws?Doctype=1CC73BAD-36CA-45AA-BA03-2119E31B6337,Commissioner and Registrar of Cooperative Societies,Sahakarayukta (Registrar of Cooperative Societies),Model Bye Laws,Bye-law,Marathi,2014-05-27,2014-05-27,2026-07-13 13:53:54,,307855,,,2014.0,0b3248677785fd410b368b9b6d1e8bb3d529ee0e00316179b4cf7792a4042afd,Downloaded,,,,,,,1.1,,,
saha_20260713135356_आदरश_उपवध_-_सरवसधरण_,आदर्श उपविधी - सर्वसाधारण सहकारी संस्था,आदरश_उपवध_-_सरवसधरण_सहकर_ससथ_2014-05-27.pdf,dataset/Sahakarayukta/आदरश_उपवध_-_सरवसधरण_सहकर_ससथ_2014-05-27.pdf,https://sahakarayukta.maharashtra.gov.in/site/upload/documents/Model_Byelaws_of_General_Type_Co-operative_Society.pdf,https://sahakarayukta.maharashtra.gov.in,https://sahakarayukta.maharashtra.gov.in/1105/Model-Bye-Laws?Doctype=1CC73BAD-36CA-45AA-BA03-2119E31B6337,Commissioner and Registrar of Cooperative Societies,Sahakarayukta (Registrar of Cooperative Societies),Model Bye Laws,Bye-law,Marathi,2014-05-27,2014-05-27,2026-07-13 13:53:56,,318089,,,2014.0,e1b2946f5cadb69e0044a46759b68dd19abf90910454de54ad923c531ebc4bb1,Downloaded,,,,,,,1.1,,,
saha_20260713135359_आदरश_उपवध_-_कककटपलन_,आदर्श उपविधी - कक्कुटपालन व्यावसायिक सहकारी संस्था,आदरश_उपवध_-_कककटपलन_वयवसयक_सहकर_ससथ_2014-05-27.pdf,dataset/Sahakarayukta/आदरश_उपवध_-_कककटपलन_वयवसयक_सहकर_ससथ_2014-05-27.pdf,https://sahakarayukta.maharashtra.gov.in/site/upload/documents/Model_Byelaws_Of_Poultry_Co-operative_Societies.pdf,https://sahakarayukta.maharashtra.gov.in,https://sahakarayukta.maharashtra.gov.in/1105/Model-Bye-Laws?Doctype=1CC73BAD-36CA-45AA-BA03-2119E31B6337,Commissioner and Registrar of Cooperative Societies,Sahakarayukta (Registrar of Cooperative Societies),Model Bye Laws,Bye-law,Marathi,2014-05-27,2014-05-27,2026-07-13 13:53:59,,404783,,,2014.0,be8e9264360250e4839dde9bd706270688542440f12dc7b2386acfb59077eb8a,Downloaded,,,,,,,1.1,,,
saha_20260713135402_आदरश_उपवध_-_ववध_करयक,आदर्श उपविधी - विविध कार्यकारी सेवा सहकारी संस्था,आदरश_उपवध_-_ववध_करयकर_सव_सहकर_ससथ_2014-05-27.pdf,dataset/Sahakarayukta/आदरश_उपवध_-_ववध_करयकर_सव_सहकर_ससथ_2014-05-27.pdf,https://sahakarayukta.maharashtra.gov.in/site/upload/documents/Model_Bye-laws_Of_Primary_Agricultural_Co-operative_Society.pdf,https://sahakarayukta.maharashtra.gov.in,https://sahakarayukta.maharashtra.gov.in/1105/Model-Bye-Laws?Doctype=1CC73BAD-36CA-45AA-BA03-2119E31B6337,Commissioner and Registrar of Cooperative Societies,Sahakarayukta (Registrar of Cooperative Societies),Model Bye Laws,Bye-law,Marathi,2014-05-27,2014-05-27,2026-07-13 13:54:02,,711647,,,2014.0,d6f32bd1ed01d43d8ec3427bf1a477aec9d8dae6664944be3b100ac6685732c9,Downloaded,,,,,,,1.1,,,
saha_20260713135405_आदरश_उपवध_-_यतरमग_सह,आदर्श उपविधी - यंत्रमाग सहकारी संस्था,आदरश_उपवध_-_यतरमग_सहकर_ससथ_2014-05-27.pdf,dataset/Sahakarayukta/आदरश_उपवध_-_यतरमग_सहकर_ससथ_2014-05-27.pdf,https://sahakarayukta.maharashtra.gov.in/site/upload/documents/Model_Bye-laws_Of_Powerloom_Co-operative_Society.pdf,https://sahakarayukta.maharashtra.gov.in,https://sahakarayukta.maharashtra.gov.in/1105/Model-Bye-Laws?Doctype=1CC73BAD-36CA-45AA-BA03-2119E31B6337,Commissioner and Registrar of Cooperative Societies,Sahakarayukta (Registrar of Cooperative Societies),Model Bye Laws,Bye-law,Marathi,2014-05-27,2014-05-27,2026-07-13 13:54:05,,386197,,,2014.0,9406eb1c786cec8fd38ba1c79a8e79b5a8a99076d993c0a9cd281b62e13cf271,Downloaded,,,,,,,1.1,,,
saha_20260713135407_आदरश_उपवध_-_फळ_भजपल_,आदर्श उपविधी - फळे भाजीपाला सहकारी संस्था,आदरश_उपवध_-_फळ_भजपल_सहकर_ससथ_2014-05-27.pdf,dataset/Sahakarayukta/आदरश_उपवध_-_फळ_भजपल_सहकर_ससथ_2014-05-27.pdf,https://sahakarayukta.maharashtra.gov.in/site/upload/documents/Model_Byelaws_Of_Fruit_and_vegetables_Co-operative_Societies.pdf,https://sahakarayukta.maharashtra.gov.in,https://sahakarayukta.maharashtra.gov.in/1105/Model-Bye-Laws?Doctype=1CC73BAD-36CA-45AA-BA03-2119E31B6337,Commissioner and Registrar of Cooperative Societies,Sahakarayukta (Registrar of Cooperative Societies),Model Bye Laws,Bye-law,Marathi,2014-05-27,2014-05-27,2026-07-13 13:54:07,,213245,,,2014.0,01afe2aa5d61184e4b27393051f24a0e141ceb289535e700e2668b206d054dd8,Downloaded,,,,,,,1.1,,,
saha_20260713135409_आदरश_उपवध_-_पणपवर_सह,आदर्श उपविधी - पाणीपावर सहकारी संस्था,आदरश_उपवध_-_पणपवर_सहकर_ससथ_2014-05-27.pdf,dataset/Sahakarayukta/आदरश_उपवध_-_पणपवर_सहकर_ससथ_2014-05-27.pdf,https://sahakarayukta.maharashtra.gov.in/site/upload/documents/Model_Bye-laws_Of_Panivapar_Co-operative_Society.pdf,https://sahakarayukta.maharashtra.gov.in,https://sahakarayukta.maharashtra.gov.in/1105/Model-Bye-Laws?Doctype=1CC73BAD-36CA-45AA-BA03-2119E31B6337,Commissioner and Registrar of Cooperative Societies,Sahakarayukta (Registrar of Cooperative Societies),Model Bye Laws,Bye-law,Marathi,2014-05-27,2014-05-27,2026-07-13 13:54:09,,325601,,,2014.0,127cd958e3c37a05db8763da75d702a43263714581a054cc92b55cdaff52bdb7,Downloaded,,,,,,,1.1,,,
saha_20260713135412_आदरश_उपवध_-_गहनरमण_स,आदर्श उपविधी - गृहनिर्माण सहकारी संस्था,आदरश_उपवध_-_गहनरमण_सहकर_ससथ_2014-05-27.pdf,dataset/Sahakarayukta/आदरश_उपवध_-_गहनरमण_सहकर_ससथ_2014-05-27.pdf,https://sahakarayukta.maharashtra.gov.in/site/upload/documents/Model_ByeLaws_of_Housing_Cooperative_societies.pdf,https://sahakarayukta.maharashtra.gov.in,https://sahakarayukta.maharashtra.gov.in/1105/Model-Bye-Laws?Doctype=1CC73BAD-36CA-45AA-BA03-2119E31B6337,Commissioner and Registrar of Cooperative Societies,Sahakarayukta (Registrar of Cooperative Societies),Model Bye Laws,Bye-law,Marathi,2014-05-27,2014-05-27,2026-07-13 13:54:12,,470283,,,2014.0,c97825b936ce2ceb612a9102ac35951cfc574978222079f6d145e45b7a7036f0,Downloaded,,,,,,,1.1,,,
saha_20260713135415_आदरश_उपवध_-_भडकर_मलक,आदर्श उपविधी - भाडेकरु मालकी हक्क गृहनिर्माण संस्था,आदरश_उपवध_-_भडकर_मलक_हकक_गहनरमण_ससथ_2014-05-27.pdf,dataset/Sahakarayukta/आदरश_उपवध_-_भडकर_मलक_हकक_गहनरमण_ससथ_2014-05-27.pdf,https://sahakarayukta.maharashtra.gov.in/site/upload/documents/Model_Byelaws_Of_Plot_Type_Co-operative_Housing_Societies.pdf,https://sahakarayukta.maharashtra.gov.in,https://sahakarayukta.maharashtra.gov.in/1105/Model-Bye-Laws?Doctype=1CC73BAD-36CA-45AA-BA03-2119E31B6337,Commissioner and Registrar of Cooperative Societies,Sahakarayukta (Registrar of Cooperative Societies),Model Bye Laws,Bye-law,Marathi,2014-05-27,2014-05-27,2026-07-13 13:54:15,,939626,,,2014.0,372782140ec277eab89dd074985ee5cb567ab4b1c669d7b8f4614473e840b6f6,Downloaded,,,,,,,1.1,,,
saha_20260713135417_आदरश_उपवध_-_हतमग_वणक,आदर्श उपविधी - हातमाग विणकर सहकारी संस्था,आदरश_उपवध_-_हतमग_वणकर_सहकर_ससथ_2014-05-27.pdf,dataset/Sahakarayukta/आदरश_उपवध_-_हतमग_वणकर_सहकर_ससथ_2014-05-27.pdf,https://sahakarayukta.maharashtra.gov.in/site/upload/documents/Model_Bye-laws_Of_Handloom_Co-operative_Society.pdf,https://sahakarayukta.maharashtra.gov.in,https://sahakarayukta.maharashtra.gov.in/1105/Model-Bye-Laws?Doctype=1CC73BAD-36CA-45AA-BA03-2119E31B6337,Commissioner and Registrar of Cooperative Societies,Sahakarayukta (Registrar of Cooperative Societies),Model Bye Laws,Bye-law,Marathi,2014-05-27,2014-05-27,2026-07-13 13:54:17,,332024,,,2014.0,1cd910053f433a4783dcb4352b472b41c0ae1e10848161563f68de7dea675abc,Downloaded,,,,,,,1.1,,,
saha_20260713135420_आदरश_उपवध_-_मजर_सहकर,आदर्श उपविधी - मजुर सहकारी संस्था,आदरश_उपवध_-_मजर_सहकर_ससथ_2014-05-27.pdf,dataset/Sahakarayukta/आदरश_उपवध_-_मजर_सहकर_ससथ_2014-05-27.pdf,https://sahakarayukta.maharashtra.gov.in/site/upload/documents/Model_Byelaws_Of_Labour_Co-operativei_Society.pdf,https://sahakarayukta.maharashtra.gov.in,https://sahakarayukta.maharashtra.gov.in/1105/Model-Bye-Laws?Doctype=1CC73BAD-36CA-45AA-BA03-2119E31B6337,Commissioner and Registrar of Cooperative Societies,Sahakarayukta (Registrar of Cooperative Societies),Model Bye Laws,Bye-law,Marathi,2014-05-27,2014-05-27,2026-07-13 13:54:20,,548241,,,2014.0,8d20431ea8696c662d004dddf94165bcc89e1fc05c0f937d8197794231f48e17,Downloaded,,,,,,,1.1,,,
saha_20260713135422_आदरश_उपवध_-_समदयक_शत,आदर्श उपविधी - सामुदायिक शेती सहकारी संस्था,आदरश_उपवध_-_समदयक_शत_सहकर_ससथ_2014-05-27.pdf,dataset/Sahakarayukta/आदरश_उपवध_-_समदयक_शत_सहकर_ससथ_2014-05-27.pdf,https://sahakarayukta.maharashtra.gov.in/site/upload/documents/Model_Byelaws_Of_Samudaik_Sheti_Sahakari_Society.pdf,https://sahakarayukta.maharashtra.gov.in,https://sahakarayukta.maharashtra.gov.in/1105/Model-Bye-Laws?Doctype=1CC73BAD-36CA-45AA-BA03-2119E31B6337,Commissioner and Registrar of Cooperative Societies,Sahakarayukta (Registrar of Cooperative Societies),Model Bye Laws,Bye-law,Marathi,2014-05-27,2014-05-27,2026-07-13 13:54:22,,344152,,,2014.0,483bb82bf7fb7ad0f77a8906e8698d7c986f722baddf54bf6b91ec31107b5324,Downloaded,,,,,,,1.1,,,
saha_20260713135426_आदरश_उपवध_-_आदवस_ववध,आदर्श उपविधी - आदिवासी विविध कार्यकारी सेवा सहकारी संस्था,आदरश_उपवध_-_आदवस_ववध_करयकर_सव_सहकर_ससथ_2014-05-27.pdf,dataset/Sahakarayukta/आदरश_उपवध_-_आदवस_ववध_करयकर_सव_सहकर_ससथ_2014-05-27.pdf,https://sahakarayukta.maharashtra.gov.in/site/upload/documents/Model_Bye-laws_Of_Adivasi_Primary_Agricultural_Co-operative_Society.pdf,https://sahakarayukta.maharashtra.gov.in,https://sahakarayukta.maharashtra.gov.in/1105/Model-Bye-Laws?Doctype=1CC73BAD-36CA-45AA-BA03-2119E31B6337,Commissioner and Registrar of Cooperative Societies,Sahakarayukta (Registrar of Cooperative Societies),Model Bye Laws,Bye-law,Marathi,2014-05-27,2014-05-27,2026-07-13 13:54:26,,712086,,,2014.0,80247d74a332bf68bd40ef4f096ac0574d96cd29e76c165d6b98409d32e3ec51,Downloaded,,,,,,,1.1,,,
saha_20260713135428_आदरश_उपवध_-_हसतकल_वस,आदर्श उपविधी - हस्तकला वस्तु उत्पादन सहकारी संस्था,आदरश_उपवध_-_हसतकल_वसत_उतपदन_सहकर_ससथ_2014-05-27.pdf,dataset/Sahakarayukta/आदरश_उपवध_-_हसतकल_वसत_उतपदन_सहकर_ससथ_2014-05-27.pdf,https://sahakarayukta.maharashtra.gov.in/site/upload/documents/Model_Byelaws_Of_Hastakala_Vastu_Utpadan_Co-operativei_Society.pdf,https://sahakarayukta.maharashtra.gov.in,https://sahakarayukta.maharashtra.gov.in/1105/Model-Bye-Laws?Doctype=1CC73BAD-36CA-45AA-BA03-2119E31B6337,Commissioner and Registrar of Cooperative Societies,Sahakarayukta (Registrar of Cooperative Societies),Model Bye Laws,Bye-law,Marathi,2014-05-27,2014-05-27,2026-07-13 13:54:28,,329848,,,2014.0,9bb93be62ac575f0ec8831182a9326d34b39e04c8dfea319e1e609d3cfc992bd,Downloaded,,,,,,,1.1,,,
saha_20260713135430_आदरश_उपवध_-_सतगरण_सह,आदर्श उपविधी - सुतगिरणी सहकारी संस्था,आदरश_उपवध_-_सतगरण_सहकर_ससथ_2014-05-27.pdf,dataset/Sahakarayukta/आदरश_उपवध_-_सतगरण_सहकर_ससथ_2014-05-27.pdf,https://sahakarayukta.maharashtra.gov.in/site/upload/documents/Model_Bye-laws_Of_Sootgirni_Co-operative_Society.pdf,https://sahakarayukta.maharashtra.gov.in,https://sahakarayukta.maharashtra.gov.in/1105/Model-Bye-Laws?Doctype=1CC73BAD-36CA-45AA-BA03-2119E31B6337,Commissioner and Registrar of Cooperative Societies,Sahakarayukta (Registrar of Cooperative Societies),Model Bye Laws,Bye-law,Marathi,2014-05-27,2014-05-27,2026-07-13 13:54:30,,431811,,,2014.0,5a4cd253932cdb488b413dff5e0009189b085d7c6b62150d383849b012d71bba,Downloaded,,,,,,,1.1,,,
saha_20260713135433_आदरश_उपवध_-_औदयगक_सह,आदर्श उपविधी - औद्योगि‍क सहकारी संस्था,आदरश_उपवध_-_औदयगक_सहकर_ससथ_2014-05-27.pdf,dataset/Sahakarayukta/आदरश_उपवध_-_औदयगक_सहकर_ससथ_2014-05-27.pdf,https://sahakarayukta.maharashtra.gov.in/site/upload/documents/Model_Byelaws_of_Industrial_Cooperative_Society.pdf,https://sahakarayukta.maharashtra.gov.in,https://sahakarayukta.maharashtra.gov.in/1105/Model-Bye-Laws?Doctype=1CC73BAD-36CA-45AA-BA03-2119E31B6337,Commissioner and Registrar of Cooperative Societies,Sahakarayukta (Registrar of Cooperative Societies),Model Bye Laws,Bye-law,Marathi,2014-05-27,2014-05-27,2026-07-13 13:54:33,,357274,,,2014.0,239f86296e025c7438ee7c1dd6531a75afbede67245cad0240a88a6c97071c59,Downloaded,,,,,,,1.1,,,
saha_20260713135453_मसहससथ_अधच_कलम_77अ_7,"म.सह.संस्था अधि.चे कलम 77अ, 78अ अन्वये गृहनिर्माण संस्थांवर नेमण्यात येणा-या प्राधिकृत अधिकारी (प्रशासक) यांची नामतालिका प्रसिध्दी",मसहससथ_अधच_कलम_77अ_78अ_अनवय_गहनरमण_ससथवर_नमणयत_यण-_2025-04-09.pdf,dataset/Sahakarayukta/मसहससथ_अधच_कलम_77अ_78अ_अनवय_गहनरमण_ससथवर_नमणयत_यण-_2025-04-09.pdf,https://sahakarayukta.maharashtra.gov.in/site/upload/documents/DJR Kokan  Kalam 77-78 Panel Order - 2025-26-.pdf,https://sahakarayukta.maharashtra.gov.in,https://sahakarayukta.maharashtra.gov.in/1073/Publication?Doctype=6C0E65A7-8EFF-4744-8CE8-0F734FB62FB8,Commissioner and Registrar of Cooperative Societies,Sahakarayukta (Registrar of Cooperative Societies),Publication,Other,Marathi,2025-04-09,2025-04-09,2026-07-13 13:54:53,,16312278,,,2025.0,7c3750b22f70c27038d15445c7bfd64ad9d43c528470011047cb573eb424dd50,Downloaded,,,,,,,1.1,,,
saha_20260713135456_रजयतल_नगर_सहकर_बकन_स,राज्यातील नागरी सहकारी बँकानी सहकारी गृहनिर्माण संस्थांना कर्जपुरवठा करणेाबाबत,रजयतल_नगर_सहकर_बकन_सहकर_गहनरमण_ससथन_करजपरवठ_करणबबत_2024-07-01.pdf,dataset/Sahakarayukta/रजयतल_नगर_सहकर_बकन_सहकर_गहनरमण_ससथन_करजपरवठ_करणबबत_2024-07-01.pdf,https://sahakarayukta.maharashtra.gov.in/site/upload/documents/Provision of Housing Society loan.pdf,https://sahakarayukta.maharashtra.gov.in,https://sahakarayukta.maharashtra.gov.in/1073/Publication?Doctype=6C0E65A7-8EFF-4744-8CE8-0F734FB62FB8,Commissioner and Registrar of Cooperative Societies,Sahakarayukta (Registrar of Cooperative Societies),Publication,Other,Marathi,2024-07-01,2024-07-01,2026-07-13 13:54:56,,895441,,,2024.0,ffab22dcab770302a860f8b2e2ad27224d9046acfa991096e485e1c5a6596b75,Downloaded,,,,,,,1.1,,,
saha_20260713135459_सहकर_आयकत_व_नबधक_सहक,"सहकार आयुक्त व निबंधक, सहकारी संस्था- लघुटंकलेखक- व्यावसायिक चाचणी साठी पात्र उमेदवार यादी - दि.10-01-2024",सहकर_आयकत_व_नबधक_सहकर_ससथ-_लघटकलखक-_वयवसयक_चचण_सठ__2024-01-11.pdf,dataset/Sahakarayukta/सहकर_आयकत_व_नबधक_सहकर_ससथ-_लघटकलखक-_वयवसयक_चचण_सठ__2024-01-11.pdf,https://sahakarayukta.maharashtra.gov.in/site/upload/documents/3-Steno Typist_Commisioner_Pune-above 45.pdf,https://sahakarayukta.maharashtra.gov.in,https://sahakarayukta.maharashtra.gov.in/1073/Publication?Doctype=6C0E65A7-8EFF-4744-8CE8-0F734FB62FB8,Commissioner and Registrar of Cooperative Societies,Sahakarayukta (Registrar of Cooperative Societies),Publication,Other,Marathi,2024-01-11,2024-01-11,2026-07-13 13:54:59,,461706,,,2024.0,bb328ce5ae0b713877006895012d1b23388ff192216b23c800753a5746ea3c74,Downloaded,,,,,,,1.1,,,
saha_20260713135501_सहकर_आयकत_व_नबधक_सहक,"सहकार आयुक्त व निबंधक, सहकारी संस्था- निम्नश्रेणी लघुलेखक- व्यावसायिक चाचणी साठी पात्र उमेदवार यादी - दि.10-01-2024",सहकर_आयकत_व_नबधक_सहकर_ससथ-_नमनशरण_लघलखक-_वयवसयक_चच_2024-01-11.pdf,dataset/Sahakarayukta/सहकर_आयकत_व_नबधक_सहकर_ससथ-_नमनशरण_लघलखक-_वयवसयक_चच_2024-01-11.pdf,https://sahakarayukta.maharashtra.gov.in/site/upload/documents/2-Stenographer Lower Grade _Commisioner_Pune-above 45.pdf,https://sahakarayukta.maharashtra.gov.in,https://sahakarayukta.maharashtra.gov.in/1073/Publication?Doctype=6C0E65A7-8EFF-4744-8CE8-0F734FB62FB8,Commissioner and Registrar of Cooperative Societies,Sahakarayukta (Registrar of Cooperative Societies),Publication,Other,Marathi,2024-01-11,2024-01-11,2026-07-13 13:55:01,,523599,,,2024.0,24a9e03bc24658b58b75ec385439d463590d4e2d54295e3142793d7a4e6e3f54,Downloaded,,,,,,,1.1,,,
saha_20260713135504_सहकर_आयकत_व_नबधक_सहक,"सहकार आयुक्त व निबंधक, सहकारी संस्था- उच्चश्रेणी लघुलेखक- व्यावसायिक चाचणी साठी पात्र उमेदवार यादी - दि.10-01-2024",सहकर_आयकत_व_नबधक_सहकर_ससथ-_उचचशरण_लघलखक-_वयवसयक_चच_2024-01-11.pdf,dataset/Sahakarayukta/सहकर_आयकत_व_नबधक_सहकर_ससथ-_उचचशरण_लघलखक-_वयवसयक_चच_2024-01-11.pdf,https://sahakarayukta.maharashtra.gov.in/site/upload/documents/1-Stenographer  Higher Grade _Commisioner_Pune-above 45.pdf,https://sahakarayukta.maharashtra.gov.in,https://sahakarayukta.maharashtra.gov.in/1073/Publication?Doctype=6C0E65A7-8EFF-4744-8CE8-0F734FB62FB8,Commissioner and Registrar of Cooperative Societies,Sahakarayukta (Registrar of Cooperative Societies),Publication,Other,Marathi,2024-01-11,2024-01-11,2026-07-13 13:55:04,,530467,,,2024.0,4e82e89c23487c538b5ccb021380612da75a02b33f4f94d00a9fc0aa0c71f6f0,Downloaded,,,,,,,1.1,,,
saha_20260713135506_सहकर_आयकत_व_नबधक_सहक,"सहकार आयुक्त व निबंधक, सहकारी संस्था- लघुटंकलेखक- तात्पुरती गुणवत्ता यादी - दि.9-01-2024",सहकर_आयकत_व_नबधक_सहकर_ससथ-_लघटकलखक-_ततपरत_गणवतत_यद_2024-01-09.pdf,dataset/Sahakarayukta/सहकर_आयकत_व_नबधक_सहकर_ससथ-_लघटकलखक-_ततपरत_गणवतत_यद_2024-01-09.pdf,https://sahakarayukta.maharashtra.gov.in/site/upload/documents/3-Steno Typist_Commisioner_Pune.pdf,https://sahakarayukta.maharashtra.gov.in,https://sahakarayukta.maharashtra.gov.in/1073/Publication?Doctype=6C0E65A7-8EFF-4744-8CE8-0F734FB62FB8,Commissioner and Registrar of Cooperative Societies,Sahakarayukta (Registrar of Cooperative Societies),Publication,Other,Marathi,2024-01-09,2024-01-09,2026-07-13 13:55:06,,465260,,,2024.0,f71c232803d1f07deb76e4f81aa0e9529f76dac605558f08733f1ac96b02b241,Downloaded,,,,,,,1.1,,,
saha_20260713135509_सहकर_आयकत_व_नबधक_सहक,"सहकार आयुक्त व निबंधक, सहकारी संस्था- निम्नश्रेणी लघुलेखक- तात्पुरती गुणवत्ता यादी - दि.9-01-2024",सहकर_आयकत_व_नबधक_सहकर_ससथ-_नमनशरण_लघलखक-_ततपरत_गणव_2024-01-09.pdf,dataset/Sahakarayukta/सहकर_आयकत_व_नबधक_सहकर_ससथ-_नमनशरण_लघलखक-_ततपरत_गणव_2024-01-09.pdf,https://sahakarayukta.maharashtra.gov.in/site/upload/documents/2-Stenographer Lower Grade _Commisioner_Pune.pdf,https://sahakarayukta.maharashtra.gov.in,https://sahakarayukta.maharashtra.gov.in/1073/Publication?Doctype=6C0E65A7-8EFF-4744-8CE8-0F734FB62FB8,Commissioner and Registrar of Cooperative Societies,Sahakarayukta (Registrar of Cooperative Societies),Publication,Other,Marathi,2024-01-09,2024-01-09,2026-07-13 13:55:09,,528734,,,2024.0,6b979c175288657451741fe650b784f8289f88ca058547fc1c7bc09554c15fc3,Downloaded,,,,,,,1.1,,,
saha_20260713135512_सहकर_आयकत_व_नबधक_सहक,"सहकार आयुक्त व निबंधक, सहकारी संस्था- उच्चश्रेणी लघुलेखक- तात्पुरती गुणवत्ता यादी - दि.9-01-2024",सहकर_आयकत_व_नबधक_सहकर_ससथ-_उचचशरण_लघलखक-_ततपरत_गणव_2024-01-09.pdf,dataset/Sahakarayukta/सहकर_आयकत_व_नबधक_सहकर_ससथ-_उचचशरण_लघलखक-_ततपरत_गणव_2024-01-09.pdf,https://sahakarayukta.maharashtra.gov.in/site/upload/documents/1- Stenographer  Higher Grade _Commisioner_Pune.pdf,https://sahakarayukta.maharashtra.gov.in,https://sahakarayukta.maharashtra.gov.in/1073/Publication?Doctype=6C0E65A7-8EFF-4744-8CE8-0F734FB62FB8,Commissioner and Registrar of Cooperative Societies,Sahakarayukta (Registrar of Cooperative Societies),Publication,Other,Marathi,2024-01-09,2024-01-09,2026-07-13 13:55:12,,535263,,,2024.0,95d3232265729ad29c653a64a0d1b47905c75e24010d390340bf1838ce23269f,Downloaded,,,,,,,1.1,,,
saha_20260713135515_सहकर_ससथदवर_बकग_शबदच,सहकारी संस्थांद्वारे बँकींग शब्दाचा वापर करून ठेव रक्कम स्विकारता येत नसल्याबाबत,सहकर_ससथदवर_बकग_शबदच_वपर_करन_ठव_रककम_सवकरत_यत_नसलय_2022-07-15.pdf,dataset/Sahakarayukta/सहकर_ससथदवर_बकग_शबदच_वपर_करन_ठव_रककम_सवकरत_यत_नसलय_2022-07-15.pdf,https://sahakarayukta.maharashtra.gov.in/site/upload/documents/Non use of the word Banking in the name of credit societies for accepting deposit.pdf,https://sahakarayukta.maharashtra.gov.in,https://sahakarayukta.maharashtra.gov.in/1073/Publication?Doctype=6C0E65A7-8EFF-4744-8CE8-0F734FB62FB8,Commissioner and Registrar of Cooperative Societies,Sahakarayukta (Registrar of Cooperative Societies),Publication,Other,Marathi,2022-07-15,2022-07-15,2026-07-13 13:55:15,,918488,,,2022.0,42b2c35081ca75caf1e5b5aa532c1dccc3ec86e6125dfe950111c37635fc816f,Downloaded,,,,,,,1.1,,,
saha_20260713135527_परधकरणतरफ_सहकर_ससथच_,प्राधिकरणातर्फे सहकारी संस्थांचे निवडणूक कामकाज करणा-या अधिका-यांची बाजू मांडणेसाठी वकीलास तालीकेवर घेणेबाबत,परधकरणतरफ_सहकर_ससथच_नवडणक_कमकज_करण-य_अधक-यच_बज_मडण_2022-04-25.pdf,dataset/Sahakarayukta/परधकरणतरफ_सहकर_ससथच_नवडणक_कमकज_करण-य_अधक-यच_बज_मडण_2022-04-25.pdf,https://sahakarayukta.maharashtra.gov.in/site/upload/documents/Jodpatra A To E High court & Co op  .pdf,https://sahakarayukta.maharashtra.gov.in,https://sahakarayukta.maharashtra.gov.in/1073/Publication?Doctype=6C0E65A7-8EFF-4744-8CE8-0F734FB62FB8,Commissioner and Registrar of Cooperative Societies,Sahakarayukta (Registrar of Cooperative Societies),Publication,Election,Marathi,2022-04-25,2022-04-25,2026-07-13 13:55:27,,7461759,,,2022.0,63b0260c19af32210a0f76a88d82e235bad480b5997a5ac945aac90bf8bb879a,Downloaded,,,,,,,1.1,,,
saha_20260713135529_सहययक_नबधक_सहकर_ससथ_,"सहाय्यक निबंधक, सहकारी संस्था, गट-ब व विशेष लेखापरिक्षक वर्ग 2 पसंती क्रम सादर करणेबाबत",सहययक_नबधक_सहकर_ससथ_गट-ब_व_वशष_लखपरकषक_वरग_2_पसत_क_2022-03-31.pdf,dataset/Sahakarayukta/सहययक_नबधक_सहकर_ससथ_गट-ब_व_वशष_लखपरकषक_वरग_2_पसत_क_2022-03-31.pdf,https://sahakarayukta.maharashtra.gov.in/site/upload/documents/preference order.PDF,https://sahakarayukta.maharashtra.gov.in,https://sahakarayukta.maharashtra.gov.in/1073/Publication?Doctype=6C0E65A7-8EFF-4744-8CE8-0F734FB62FB8,Commissioner and Registrar of Cooperative Societies,Sahakarayukta (Registrar of Cooperative Societies),Publication,Other,Marathi,2022-03-31,2022-03-31,2026-07-13 13:55:29,,331367,,,2022.0,302801bf6891f2a59f1843c26fdbf62ee13127a8ebb6fd2d99924e2263e8b526,Downloaded,,,,,,,1.1,,,
saha_20260713135532_सहयक_नबधक_सहकर_ससथ_ग,"सहायक निबंधक, सहकारी संस्था, गट-ब संगर्वातील प्रत्यक्ष रिक्त व संभाव्य रिक्त पदे",सहयक_नबधक_सहकर_ससथ_गट-ब_सगरवतल_परतयकष_रकत_व_सभवय_र_2022-03-31.pdf,dataset/Sahakarayukta/सहयक_नबधक_सहकर_ससथ_गट-ब_सगरवतल_परतयकष_रकत_व_सभवय_र_2022-03-31.pdf,https://sahakarayukta.maharashtra.gov.in/site/upload/documents/Replaceable Letter 31 3 22.PDF,https://sahakarayukta.maharashtra.gov.in,https://sahakarayukta.maharashtra.gov.in/1073/Publication?Doctype=6C0E65A7-8EFF-4744-8CE8-0F734FB62FB8,Commissioner and Registrar of Cooperative Societies,Sahakarayukta (Registrar of Cooperative Societies),Publication,Other,Marathi,2022-03-31,2022-03-31,2026-07-13 13:55:32,,348149,,,2022.0,99c07e40686aa9dae8aac199ac46e804b68b804676299e4dd63911d660e5e5e6,Downloaded,,,,,,,1.1,,,
saha_20260713135534_सहरकत_पद_व_बदलपतर_अध,"सहारिक्त पदे व बदलीपात्र अधिकारी यादीयक निबंधक, सहकारी संस्था, गट-ब संगर्वातील प्रत्यक्ष रिक्त व संभाव्य रिक्त पदे",सहरकत_पद_व_बदलपतर_अधकर_यदयक_नबधक_सहकर_ससथ_गट-ब_सगर_2022-03-31.pdf,dataset/Sahakarayukta/सहरकत_पद_व_बदलपतर_अधकर_यदयक_नबधक_सहकर_ससथ_गट-ब_सगर_2022-03-31.pdf,https://sahakarayukta.maharashtra.gov.in/site/upload/documents/List of Vacancies and Transferable Officers.PDF,https://sahakarayukta.maharashtra.gov.in,https://sahakarayukta.maharashtra.gov.in/1073/Publication?Doctype=6C0E65A7-8EFF-4744-8CE8-0F734FB62FB8,Commissioner and Registrar of Cooperative Societies,Sahakarayukta (Registrar of Cooperative Societies),Publication,Other,Marathi,2022-03-31,2022-03-31,2026-07-13 13:55:34,,576352,,,2022.0,5dae352b9e369d4336ac6c063dd327b6730ef7fea7abe78deb18a1b799fb77cf,Downloaded,,,,,,,1.1,,,
saha_20260713135537_महरषटर_सहकर_ससथ_अधनय,"महाराष्ट्र सहकारी संस्था, अधिनियम 1960 चे कलम 101 च्या संदर्भातील या कार्यालयाच्या दि. 4 जुलै 2016 च्या परिपत्रकात नमूद केलेल्या संदर्भ क्र. 2 च्या ‍डिसेंबर 2007 च्या परिपत्रकाची प्रत.",महरषटर_सहकर_ससथ_अधनयम_1960_च_कलम_101_चय_सदरभतल_य_क_2021-01-07.pdf,dataset/Sahakarayukta/महरषटर_सहकर_ससथ_अधनयम_1960_च_कलम_101_चय_सदरभतल_य_क_2021-01-07.pdf,https://sahakarayukta.maharashtra.gov.in/site/upload/documents/101 वसुली प्रमाणपत्राबाबत परिपत्रक.pdf,https://sahakarayukta.maharashtra.gov.in,https://sahakarayukta.maharashtra.gov.in/1073/Publication?Doctype=6C0E65A7-8EFF-4744-8CE8-0F734FB62FB8,Commissioner and Registrar of Cooperative Societies,Sahakarayukta (Registrar of Cooperative Societies),Publication,Act,Marathi,2021-01-07,2021-01-07,2026-07-13 13:55:37,,621059,,,2021.0,005a673e31736da378010e2523e0e291996a66ffb1d5d063155ec7b75202e6be,Downloaded,,,,,,,1.1,,,
saha_20260713135542_क_व_ड_वरगतल_सहकर_ससथ,“क” व “ड” वर्गातील सहकारी संस्थांचे निवडणूक निर्णय अधिकारी / प्राधिकृत अधिकारी यांचे नामतालिकासाठी अर्ज सादर करणेबाबत,क_व_ड_वरगतल_सहकर_ससथच_नवडणक_नरणय_अधकर___परधकत_अधकर_2020-07-20.pdf,dataset/Sahakarayukta/क_व_ड_वरगतल_सहकर_ससथच_नवडणक_नरणय_अधकर___परधकत_अधकर_2020-07-20.pdf,https://sahakarayukta.maharashtra.gov.in/site/upload/documents/C & D Ro Namtalika Format.pdf,https://sahakarayukta.maharashtra.gov.in,https://sahakarayukta.maharashtra.gov.in/1073/Publication?Doctype=6C0E65A7-8EFF-4744-8CE8-0F734FB62FB8,Commissioner and Registrar of Cooperative Societies,Sahakarayukta (Registrar of Cooperative Societies),Publication,Election,Marathi,2020-07-20,2020-07-20,2026-07-13 13:55:42,,1950511,,,2020.0,6c42314c4a2e8c5a43bfdde70f7156f77ae362e7297d8732da8c436a2581b064,Downloaded,,,,,,,1.1,,,
saha_20260713135547_क_व_ड_वरगतल_सहकर_ससथ,‘क’ व ‘ड’ वर्गातील सहकारी संस्थांचे निवडणूक निर्णय अधिकारी प्राधिकृत अधिकारी यांची नामतालिका तयार करण्यासाठी सर्वसाधारण मार्गदर्शक सुचना.,क_व_ड_वरगतल_सहकर_ससथच_नवडणक_नरणय_अधकर_परधकत_अधकर_य_2019-12-06.pdf,dataset/Sahakarayukta/क_व_ड_वरगतल_सहकर_ससथच_नवडणक_नरणय_अधकर_परधकत_अधकर_य_2019-12-06.pdf,https://sahakarayukta.maharashtra.gov.in/site/upload/documents/Empanelment- returning officer for Election of C & D type.pdf,https://sahakarayukta.maharashtra.gov.in,https://sahakarayukta.maharashtra.gov.in/1073/Publication?Doctype=6C0E65A7-8EFF-4744-8CE8-0F734FB62FB8,Commissioner and Registrar of Cooperative Societies,Sahakarayukta (Registrar of Cooperative Societies),Publication,Guideline,Marathi,2019-12-06,2019-12-06,2026-07-13 13:55:47,,2557546,,,2019.0,55cb5e12eba8dda4ec9314c4b77453e6405e7220caee009b74ad91e5f31b12ac,Downloaded,,,,,,,1.1,,,
saha_20260713135550_बहरजयय_सहकर_ससथ_अधनय,बहुराज्यीय सहकारी संस्था अधिनियम 2002 चे कलम 84(4) अन्वये सन 2019-2022 या कालावधीसाठीची अंतिम लवाद नामतालिका,बहरजयय_सहकर_ससथ_अधनयम_2002_च_कलम_844_अनवय_सन_2019-_2019-03-01.pdf,dataset/Sahakarayukta/बहरजयय_सहकर_ससथ_अधनयम_2002_च_कलम_844_अनवय_सन_2019-_2019-03-01.pdf,https://sahakarayukta.maharashtra.gov.in/site/upload/documents/Arbitrator  pannel  final  list for the year 2019-2022.pdf,https://sahakarayukta.maharashtra.gov.in,https://sahakarayukta.maharashtra.gov.in/1073/Publication?Doctype=6C0E65A7-8EFF-4744-8CE8-0F734FB62FB8,Commissioner and Registrar of Cooperative Societies,Sahakarayukta (Registrar of Cooperative Societies),Publication,Act,Marathi,2019-03-01,2019-03-01,2026-07-13 13:55:50,,1335555,,,2019.0,b5211529881dcdbfc2e5de587483ca351685af045b6733f6889c01604073e4a7,Downloaded,,,,,,,1.1,,,
saha_20260713135556_अधसचन_महरषटर_सहकर_सस,अधिसूचना महाराष्ट्र सहकारी संस्था नियम 1961 मध्ये सुधारणा मसुदा प्रकरण 11-अ,अधसचन_महरषटर_सहकर_ससथ_नयम_1961_मधय_सधरण_मसद_परकरण__2019-02-05.pdf,dataset/Sahakarayukta/अधसचन_महरषटर_सहकर_ससथ_नयम_1961_मधय_सधरण_मसद_परकरण__2019-02-05.pdf,https://sahakarayukta.maharashtra.gov.in/site/upload/documents/Notification Maharashta Co-operative Societies Rule 1961 Draft of Amendment Chapter 11-A.pdf,https://sahakarayukta.maharashtra.gov.in,https://sahakarayukta.maharashtra.gov.in/1073/Publication?Doctype=6C0E65A7-8EFF-4744-8CE8-0F734FB62FB8,Commissioner and Registrar of Cooperative Societies,Sahakarayukta (Registrar of Cooperative Societies),Publication,Rule,Marathi,2019-02-05,2019-02-05,2026-07-13 13:55:56,,3098553,,,2019.0,b1a6c56e996de62e9ac496aa4d11312d41e11a5d9355d87be213b45fae4862ce,Downloaded,,,,,,,1.1,,,
saha_20260713135611_रजयतल_वततय_सहकर_ससथच,राज्यातील वित्तीय सहकारी संस्थांचे लेखापरीक्षण अहवाल छाननी कामकाजाबाबत,रजयतल_वततय_सहकर_ससथच_लखपरकषण_अहवल_छनन_कमकजबबत_2018-10-30.pdf,dataset/Sahakarayukta/रजयतल_वततय_सहकर_ससथच_लखपरकषण_अहवल_छनन_कमकजबबत_2018-10-30.pdf,https://sahakarayukta.maharashtra.gov.in/site/upload/documents/Scrutiny of Audit Reports of financial co-operative societies in the state.pdf,https://sahakarayukta.maharashtra.gov.in,https://sahakarayukta.maharashtra.gov.in/1073/Publication?Doctype=6C0E65A7-8EFF-4744-8CE8-0F734FB62FB8,Commissioner and Registrar of Cooperative Societies,Sahakarayukta (Registrar of Cooperative Societies),Publication,Audit,Marathi,2018-10-30,2018-10-30,2026-07-13 13:56:11,,1735115,,,2018.0,c1fa1d0ecf6296dc3f369fbfaaca6b93e3de6ed8949ccfed37d4daf7da64861f,Downloaded,,,,,,,1.1,,,
saha_20260713135631_दनक_-_31_मरच_2018अखर,दिनांक - 31 मार्च 2018अखेर अस्तित्वात असणा-या निरनिराळया प्रकारच्या सहकारी संस्थांची संख्या दर्शविणारे प्रपत्र अ - वा-24 (अपेंडिक्स-ए),दनक_-_31_मरच_2018अखर_असततवत_असण-य_नरनरळय_परकरचय_सह_2018-10-01.pdf,dataset/Sahakarayukta/दनक_-_31_मरच_2018अखर_असततवत_असण-य_नरनरळय_परकरचय_सह_2018-10-01.pdf,https://sahakarayukta.maharashtra.gov.in/site/upload/documents/Appendix-A 2018_Final.pdf,https://sahakarayukta.maharashtra.gov.in,https://sahakarayukta.maharashtra.gov.in/1073/Publication?Doctype=6C0E65A7-8EFF-4744-8CE8-0F734FB62FB8,Commissioner and Registrar of Cooperative Societies,Sahakarayukta (Registrar of Cooperative Societies),Publication,Other,Marathi,2018-10-01,2018-10-01,2026-07-13 13:56:31,,16191706,,,2018.0,dd508547f3dd94930b7652d88b8b014d68e0087631e8085a25bb8c6030764970,Downloaded,,,,,,,1.1,,,
housing_20260713135643_Regarding_inviting_o,Regarding inviting objections or suggestions in accordance with the rules of the Summit Grievance Redressal Committee,Regarding_inviting_objections_or_suggestions_in_ac_22_05_2026.pdf,dataset/Housing_Department/Regarding_inviting_objections_or_suggestions_in_ac_22_05_2026.pdf,https://cdnbbsr.s3waas.gov.in/s30bf727e907c5fc9d5356f11e4c45d613/uploads/2026/05/202605221804081212.pdf,https://housing.maharashtra.gov.in,https://housing.maharashtra.gov.in/en/document-category/,Housing Department,Housing Department,Acts & Rules,Rule,English,22/05/2026,22/05/2026,2026-07-13 13:56:43,,906773,,,2026.0,67c850b296ac6230f16757e5fe2806a6e0e3f49291d2a37e6eee5c21128a4cbf,Downloaded,,,,,,,1.1,,,
housing_20260713135645_The_Real_Estate_Regu,The Real Estate (Regulation and Development) Act 2016,The_Real_Estate_Regulation_and_Development_Act_201_12_09_2025.pdf,dataset/Housing_Department/The_Real_Estate_Regulation_and_Development_Act_201_12_09_2025.pdf,https://cdnbbsr.s3waas.gov.in/s30bf727e907c5fc9d5356f11e4c45d613/uploads/2025/09/202509122034412027.pdf,https://housing.maharashtra.gov.in,https://housing.maharashtra.gov.in/en/document-category/,Housing Department,Housing Department,Acts & Rules,Act,English,12/09/2025,12/09/2025,2026-07-13 13:56:45,,576388,,,2025.0,312d8c92bb8a3be7b915281197f65e45b8951af53bcb32548d434067b6591127,Downloaded,,,,,,,1.1,,,
housing_20260713135647_The_Maharashtra_Hous,The Maharashtra Housing (Regulation and Development) Act 2012,The_Maharashtra_Housing_Regulation_and_Development_12_09_2025.pdf,dataset/Housing_Department/The_Maharashtra_Housing_Regulation_and_Development_12_09_2025.pdf,https://cdnbbsr.s3waas.gov.in/s30bf727e907c5fc9d5356f11e4c45d613/uploads/2025/09/202509122132214915.pdf,https://housing.maharashtra.gov.in,https://housing.maharashtra.gov.in/en/document-category/,Housing Department,Housing Department,Acts & Rules,Act,English,12/09/2025,12/09/2025,2026-07-13 13:56:47,,485357,,,2025.0,47767c7c02e68e78bf4c39c2ea213db8cccb03967058b08fa2f737c2d798897f,Downloaded,,,,,,,1.1,,,
housing_20260713135649_The_Maharashtra_Rent,The Maharashtra Rent Control Act 1999,The_Maharashtra_Rent_Control_Act_1999_12_09_2025.pdf,dataset/Housing_Department/The_Maharashtra_Rent_Control_Act_1999_12_09_2025.pdf,https://cdnbbsr.s3waas.gov.in/s30bf727e907c5fc9d5356f11e4c45d613/uploads/2025/09/202509111900892266.pdf,https://housing.maharashtra.gov.in,https://housing.maharashtra.gov.in/en/document-category/,Housing Department,Housing Department,Acts & Rules,Act,English,12/09/2025,12/09/2025,2026-07-13 13:56:49,,378401,,,2025.0,be528a715cdefb3eb6a5d82e2c17b11cd77e25ecca9967ea869ca925d8acaa15,Downloaded,,,,,,,1.1,,,
housing_20260713135652_The_Maharashtra_Hous,The Maharashtra Housing and Area Development Act 1976,The_Maharashtra_Housing_and_Area_Development_Act_1_12_09_2025.pdf,dataset/Housing_Department/The_Maharashtra_Housing_and_Area_Development_Act_1_12_09_2025.pdf,https://cdnbbsr.s3waas.gov.in/s30bf727e907c5fc9d5356f11e4c45d613/uploads/2025/09/202509112044354047.pdf,https://housing.maharashtra.gov.in,https://housing.maharashtra.gov.in/en/document-category/,Housing Department,Housing Department,Acts & Rules,Act,English,12/09/2025,12/09/2025,2026-07-13 13:56:52,,3030360,,,2025.0,df98578d43c7e2934a5152abe8a85bffa6d1244fd8fc7f43f5f25b3b7b12579a,Downloaded,,,,,,,1.1,,,
housing_20260713135654_The_Maharashtra_Slum,"The Maharashtra Slum Areas (Improvement, Clearance and Redevelopment) Act 1971",The_Maharashtra_Slum_Areas_Improvement_Clearance_a_12_09_2025.pdf,dataset/Housing_Department/The_Maharashtra_Slum_Areas_Improvement_Clearance_a_12_09_2025.pdf,https://cdnbbsr.s3waas.gov.in/s30bf727e907c5fc9d5356f11e4c45d613/uploads/2025/09/20250911271155943.pdf,https://housing.maharashtra.gov.in,https://housing.maharashtra.gov.in/en/document-category/,Housing Department,Housing Department,Acts & Rules,Act,English,12/09/2025,12/09/2025,2026-07-13 13:56:54,,681188,,,2025.0,ebfa831dcd371939c01c8c10fe429da00cdb300ab6f726473f88040dadf0a610,Downloaded,,,,,,,1.1,,,
housing_20260713135656_The_Maharashtra_Apar,The Maharashtra Apartment Ownership Act 1970,The_Maharashtra_Apartment_Ownership_Act_1970_12_09_2025.pdf,dataset/Housing_Department/The_Maharashtra_Apartment_Ownership_Act_1970_12_09_2025.pdf,https://cdnbbsr.s3waas.gov.in/s30bf727e907c5fc9d5356f11e4c45d613/uploads/2025/09/20250911144768239.pdf,https://housing.maharashtra.gov.in,https://housing.maharashtra.gov.in/en/document-category/,Housing Department,Housing Department,Acts & Rules,Act,English,12/09/2025,12/09/2025,2026-07-13 13:56:56,,293930,,,2025.0,3b97da08970563c3a3a6b14c5ba465c4cda4b47ec7d5a51881a4f6727af602ba,Downloaded,,,,,,,1.1,,,
housing_20260713135659_The_Maharashtra_Owne,The Maharashtra Ownership Flats Act 1963,The_Maharashtra_Ownership_Flats_Act_1963_12_09_2025.pdf,dataset/Housing_Department/The_Maharashtra_Ownership_Flats_Act_1963_12_09_2025.pdf,https://cdnbbsr.s3waas.gov.in/s30bf727e907c5fc9d5356f11e4c45d613/uploads/2025/09/20250911109653766.pdf,https://housing.maharashtra.gov.in,https://housing.maharashtra.gov.in/en/document-category/,Housing Department,Housing Department,Acts & Rules,Act,English,12/09/2025,12/09/2025,2026-07-13 13:56:59,,461882,,,2025.0,5d11c8afc709a72a7965a20ad2be23f1afd34668900a13fb45e58962111511e9,Downloaded,,,,,,,1.1,,,
housing_20260713135701_The_Bombay_Governmen,The Bombay Government Premises (Eviction) Act 1955,The_Bombay_Government_Premises_Eviction_Act_1955_12_09_2025.pdf,dataset/Housing_Department/The_Bombay_Government_Premises_Eviction_Act_1955_12_09_2025.pdf,https://cdnbbsr.s3waas.gov.in/s30bf727e907c5fc9d5356f11e4c45d613/uploads/2025/09/202509112093674248.pdf,https://housing.maharashtra.gov.in,https://housing.maharashtra.gov.in/en/document-category/,Housing Department,Housing Department,Acts & Rules,Act,English,12/09/2025,12/09/2025,2026-07-13 13:57:01,,249807,,,2025.0,4a3f24edc8106a116ef9a6695345f397b46c3e780707034b8fd84ff93facee34,Downloaded,,,,,,,1.1,,,
housing_20260713135703_SLAC_11_08_2025_11_0,SLAC_11/08/2025,SLAC_11_08_2025_11_08_2025.pdf,dataset/Housing_Department/SLAC_11_08_2025_11_08_2025.pdf,https://cdnbbsr.s3waas.gov.in/s30bf727e907c5fc9d5356f11e4c45d613/uploads/2025/09/20250905868023951.pdf,https://housing.maharashtra.gov.in,https://housing.maharashtra.gov.in/en/document-category/,Housing Department,Housing Department,Minutes of Meeting,Other,English,11/08/2025,11/08/2025,2026-07-13 13:57:03,,2038097,,,2025.0,0034f5a1812aceb52f286468ddd7cf14474ad8d7ab1a55fff0e995075a705ea3,Downloaded,,,,,,,1.1,,,
housing_20260713135706_SLSMC_05_08_2025_05_,SLSMC_05/08/2025,SLSMC_05_08_2025_05_08_2025.pdf,dataset/Housing_Department/SLSMC_05_08_2025_05_08_2025.pdf,https://cdnbbsr.s3waas.gov.in/s30bf727e907c5fc9d5356f11e4c45d613/uploads/2025/09/20250905662937381.pdf,https://housing.maharashtra.gov.in,https://housing.maharashtra.gov.in/en/document-category/,Housing Department,Housing Department,Minutes of Meeting,Other,English,05/08/2025,05/08/2025,2026-07-13 13:57:06,,7477026,,,2025.0,95d8dd53df0850c23a9a9600d4ca7f2782a5d1296614a59607ce8067585f5c3f,Downloaded,,,,,,,1.1,,,
housing_20260713135709_SLAC_23_07_2025_23_0,SLAC_23/07/2025,SLAC_23_07_2025_23_07_2025.pdf,dataset/Housing_Department/SLAC_23_07_2025_23_07_2025.pdf,https://cdnbbsr.s3waas.gov.in/s30bf727e907c5fc9d5356f11e4c45d613/uploads/2025/09/20250905449723276.pdf,https://housing.maharashtra.gov.in,https://housing.maharashtra.gov.in/en/document-category/,Housing Department,Housing Department,Minutes of Meeting,Other,English,23/07/2025,23/07/2025,2026-07-13 13:57:09,,7413519,,,2025.0,b03cf8dc49ef0d32b6e0ed7a0469051f5cc664748664e6fe8f1ec5691d891d0b,Downloaded,,,,,,,1.1,,,
housing_20260713135711_SLSMC_29_05_2025_29_,SLSMC_29/05/2025,SLSMC_29_05_2025_29_05_2025.pdf,dataset/Housing_Department/SLSMC_29_05_2025_29_05_2025.pdf,https://cdnbbsr.s3waas.gov.in/s30bf727e907c5fc9d5356f11e4c45d613/uploads/2025/06/202506261197092000.pdf,https://housing.maharashtra.gov.in,https://housing.maharashtra.gov.in/en/document-category/,Housing Department,Housing Department,Minutes of Meeting,Other,English,29/05/2025,29/05/2025,2026-07-13 13:57:11,,1652544,,,2025.0,b81aae6d1eb11e8b09fc037a66dee27908333a0197ff1b48741447ea1b5e68eb,Downloaded,,,,,,,1.1,,,
housing_20260713135715_SLAC_26_05_2025_26_0,SLAC_26/05/2025,SLAC_26_05_2025_26_05_2025.pdf,dataset/Housing_Department/SLAC_26_05_2025_26_05_2025.pdf,https://cdnbbsr.s3waas.gov.in/s30bf727e907c5fc9d5356f11e4c45d613/uploads/2025/06/20250626302503941.pdf,https://housing.maharashtra.gov.in,https://housing.maharashtra.gov.in/en/document-category/,Housing Department,Housing Department,Minutes of Meeting,Other,English,26/05/2025,26/05/2025,2026-07-13 13:57:15,,9938501,,,2025.0,fd7fa7d1911d3fabdb866fc67b2f2ce297b41c2d2b66ee2b60235b48dc652b11,Downloaded,,,,,,,1.1,,,
housing_20260713135718_5th_SLAC_MoM_8th_Jan,5th SLAC MoM_8th Jan 2026,5th_SLAC_MoM_8th_Jan_2026.pdf,dataset/Housing_Department/5th_SLAC_MoM_8th_Jan_2026.pdf,https://cdnbbsr.s3waas.gov.in/s30bf727e907c5fc9d5356f11e4c45d613/uploads/2026/02/20260225678413907.pdf,https://housing.maharashtra.gov.in,https://housing.maharashtra.gov.in/en/document-category/,Housing Department,Housing Department,Minutes of Meeting,Minutes,English,,,2026-07-13 13:57:18,,4684572,,,,8638e0f7d28b8094310818f43d3515a894e60e9e2f1eba8451fcbb502264e808,Downloaded,,,,,,,1.1,,,
housing_20260713135720_4th_SLSMC_MoM_2nd_Fe,4th SLSMC MoM_2nd Feb 2026,4th_SLSMC_MoM_2nd_Feb_2026.pdf,dataset/Housing_Department/4th_SLSMC_MoM_2nd_Feb_2026.pdf,https://cdnbbsr.s3waas.gov.in/s30bf727e907c5fc9d5356f11e4c45d613/uploads/2026/02/20260225398970546.pdf,https://housing.maharashtra.gov.in,https://housing.maharashtra.gov.in/en/document-category/,Housing Department,Housing Department,Minutes of Meeting,Minutes,English,,,2026-07-13 13:57:20,,5130125,,,,2f876f749d32787f9b85c9fa779e67a4571157656ffde18025ed36c27c973bcd,Downloaded,,,,,,,1.1,,,
housing_20260713135723_SLAC_01_10_2025.pdf,SLAC_01/10/2025,SLAC_01_10_2025.pdf,dataset/Housing_Department/SLAC_01_10_2025.pdf,https://cdnbbsr.s3waas.gov.in/s30bf727e907c5fc9d5356f11e4c45d613/uploads/2025/12/202601221879557578.pdf,https://housing.maharashtra.gov.in,https://housing.maharashtra.gov.in/en/document-category/,Housing Department,Housing Department,Minutes of Meeting,Other,English,,,2026-07-13 13:57:23,,7789275,,,,e0545ceb089dfe892842be461114fbbc433c39dd65eb04f8b18756b5562f18aa,Downloaded,,,,,,,1.1,,,
housing_20260713135726_SLSMC_25_11_2025.pdf,SLSMC_25/11/2025,SLSMC_25_11_2025.pdf,dataset/Housing_Department/SLSMC_25_11_2025.pdf,https://cdnbbsr.s3waas.gov.in/s30bf727e907c5fc9d5356f11e4c45d613/uploads/2025/12/20251202368184597.pdf,https://housing.maharashtra.gov.in,https://housing.maharashtra.gov.in/en/document-category/,Housing Department,Housing Department,Minutes of Meeting,Other,English,,,2026-07-13 13:57:26,,4137363,,,,609dfd3d3a1d15c2c282927c74cde83968bfc9c39c2889ed4e7390540fd26017,Downloaded,,,,,,,1.1,,,
coop_20260713141847_inviting_objections_,"inviting objections and suggestions on the proposed draft amendments to the Maharashtra Cooperative Societies Act, 1960 under the Maharashtra JanVishwas Bill by 6th February 2026",inviting_objections_and_suggestions_on_the_propose_21_01_2026.pdf,dataset/Cooperation_Department/inviting_objections_and_suggestions_on_the_propose_21_01_2026.pdf,https://cdnbbsr.s3waas.gov.in/s392c5ad73d34a8c18d276a0f0b60ea745/uploads/2026/01/20260122116804359.pdf,https://mahasahakar.maharashtra.gov.in,https://mahasahakar.maharashtra.gov.in/en/documents/,Cooperation Department,Cooperation Department,Acts & Rules,Act,English,21/01/2026,21/01/2026,2026-07-13 14:18:47,,38485,,,2026.0,3d3d63a2c0dc657ce80f1ede2c01ac8f394c2d4fcc5cfd2af3e6fcf5f0e6efe4,Downloaded,,Cooperation_Department,,,,,1.1,,,
coop_20260713141849_Proposed_Draft_amend,Proposed Draft amendments to the Maharashtra Co-operative Societies Act 1960 under the Maharashtra Jan Vishwas Bill,Proposed_Draft_amendments_to_the_Maharashtra_Co-op_21_01_2026.pdf,dataset/Cooperation_Department/Proposed_Draft_amendments_to_the_Maharashtra_Co-op_21_01_2026.pdf,https://cdnbbsr.s3waas.gov.in/s392c5ad73d34a8c18d276a0f0b60ea745/uploads/2026/01/2026012285555908.pdf,https://mahasahakar.maharashtra.gov.in,https://mahasahakar.maharashtra.gov.in/en/documents/,Cooperation Department,Cooperation Department,Acts & Rules,Act,English,21/01/2026,21/01/2026,2026-07-13 14:18:49,,611990,,,2026.0,50c7af8deb7e2868c08db63571f3cb9e6a73b67b64bc5baf281e630b0fc5f732,Downloaded,,Cooperation_Department,,,,,1.1,,,
coop_20260713141852_Maharashtra_Cooperat,Maharashtra Cooperative Societies Act 1960,Maharashtra_Cooperative_Societies_Act_1960_09_05_1961.pdf,dataset/Cooperation_Department/Maharashtra_Cooperative_Societies_Act_1960_09_05_1961.pdf,https://cdnbbsr.s3waas.gov.in/s392c5ad73d34a8c18d276a0f0b60ea745/uploads/2025/04/202504241793532905.pdf,https://mahasahakar.maharashtra.gov.in,https://mahasahakar.maharashtra.gov.in/en/documents/,Cooperation Department,Cooperation Department,Acts & Rules,Act,Unknown,09/05/1961,09/05/1961,2026-07-13 14:18:52,,770464,,,1961.0,4120fe573e8d1f829fdd83fd31cae9ffd8250850e9d411fd0fca44aae9517957,Downloaded,,Cooperation_Department,,,,,1.1,,,
coop_20260713141907_Regarding_the_conces,Regarding the concessions to be given to encourage the redevelopment of registered cooperative housing societies in the state,Regarding_the_concessions_to_be_given_to_encourage_13_09_2019.pdf,dataset/Cooperation_Department/Regarding_the_concessions_to_be_given_to_encourage_13_09_2019.pdf,https://cdnbbsr.s3waas.gov.in/s392c5ad73d34a8c18d276a0f0b60ea745/uploads/2025/04/202504281226026759.pdf,https://mahasahakar.maharashtra.gov.in,https://mahasahakar.maharashtra.gov.in/en/documents/,Cooperation Department,Cooperation Department,Government Resolution / Notification,Redevelopment,English,13/09/2019,13/09/2019,2026-07-13 14:19:07,,5396876,,,2019.0,c033b42be7b60eb5c387b027b797189f12c7c7df506d716a3eafedf469f5c3f3,Downloaded,,Cooperation_Department,,,,,1.1,,,
coop_20260713141912_To_determine_the_doc,To determine the documents with a view to removing the difficulties in the Deemed Conveyance,To_determine_the_documents_with_a_view_to_removing_18_09_2017.pdf,dataset/Cooperation_Department/To_determine_the_documents_with_a_view_to_removing_18_09_2017.pdf,https://cdnbbsr.s3waas.gov.in/s392c5ad73d34a8c18d276a0f0b60ea745/uploads/2025/04/202504281141004695.pdf,https://mahasahakar.maharashtra.gov.in,https://mahasahakar.maharashtra.gov.in/en/documents/,Cooperation Department,Cooperation Department,Government Resolution / Notification,Conveyance,English,18/09/2017,18/09/2017,2026-07-13 14:19:12,,2507924,,,2017.0,d80f3590d3c26b84dd082b6590ea8afcfcaadbaed5518c11c8b704ea1457f26a,Downloaded,,Cooperation_Department,,,,,1.1,,,
coop_20260713141915_regarding_redevelopm,regarding redevelopment of buildings of Cooperative Housing Societies………,regarding_redevelopment_of_buildings_of_Cooperativ_18_08_2017.pdf,dataset/Cooperation_Department/regarding_redevelopment_of_buildings_of_Cooperativ_18_08_2017.pdf,https://cdnbbsr.s3waas.gov.in/s392c5ad73d34a8c18d276a0f0b60ea745/uploads/2025/04/202504281710047135.pdf,https://mahasahakar.maharashtra.gov.in,https://mahasahakar.maharashtra.gov.in/en/documents/,Cooperation Department,Cooperation Department,Government Resolution / Notification,Redevelopment,English,18/08/2017,18/08/2017,2026-07-13 14:19:15,,629629,,,2017.0,1feb005daa9291e2e5582b20ff53ea1d99c0733c454a4a0d778908348249cb25,Downloaded,,Cooperation_Department,,,,,1.1,,,
coop_20260713141917_Revised_audit_fees_o,"Revised audit fees of urban Co.Operative banks, urban co.operative credit societies & others co.operative societies",Revised_audit_fees_of_urban_CoOperative_banks_urba_29_10_2014.pdf,dataset/Cooperation_Department/Revised_audit_fees_of_urban_CoOperative_banks_urba_29_10_2014.pdf,https://cdnbbsr.s3waas.gov.in/s392c5ad73d34a8c18d276a0f0b60ea745/uploads/2025/04/20250429197874448.pdf,https://mahasahakar.maharashtra.gov.in,https://mahasahakar.maharashtra.gov.in/en/documents/,Cooperation Department,Cooperation Department,Government Resolution / Notification,Audit,Unknown,29/10/2014,29/10/2014,2026-07-13 14:19:17,,341104,,,2014.0,7f6ae303672aa884f83b037550a9a70e072d6d7fb23cae28af0198329540e338,Downloaded,,Cooperation_Department,,,,,1.1,,,
coop_20260713141920_regarding_redevelopm,regarding redevelopment of buildings of Cooperative Housing Societies………,regarding_redevelopment_of_buildings_of_Cooperativ_19_10_2011.pdf,dataset/Cooperation_Department/regarding_redevelopment_of_buildings_of_Cooperativ_19_10_2011.pdf,https://cdnbbsr.s3waas.gov.in/s392c5ad73d34a8c18d276a0f0b60ea745/uploads/2025/04/20250428147252288.pdf,https://mahasahakar.maharashtra.gov.in,https://mahasahakar.maharashtra.gov.in/en/documents/,Cooperation Department,Cooperation Department,Government Resolution / Notification,Redevelopment,English,19/10/2011,19/10/2011,2026-07-13 14:19:20,,843005,,,2011.0,fa9a0500f47365d6806cd293369c769190ed1843e43791a426e1a1a66bd73949,Downloaded,,Cooperation_Department,,,,,1.1,,,
coop_20260713141924_regarding_redevelopm,regarding redevelopment of buildings of Cooperative Housing Societies………,regarding_redevelopment_of_buildings_of_Cooperativ_03_01_2009.pdf,dataset/Cooperation_Department/regarding_redevelopment_of_buildings_of_Cooperativ_03_01_2009.pdf,https://cdnbbsr.s3waas.gov.in/s392c5ad73d34a8c18d276a0f0b60ea745/uploads/2025/04/202504281883297780.pdf,https://mahasahakar.maharashtra.gov.in,https://mahasahakar.maharashtra.gov.in/en/documents/,Cooperation Department,Cooperation Department,Government Resolution / Notification,Redevelopment,English,03/01/2009,03/01/2009,2026-07-13 14:19:24,,5252806,,,2009.0,4d861d22fb4786325c2cefded919e97c5747fd913907c9435a1ec37ad03228ab,Downloaded,,Cooperation_Department,,,,,1.1,,,
coop_20260713141927_Policy_regarding_all,Policy regarding allotment of land to cooperative housing societies,Policy_regarding_allotment_of_land_to_cooperative__25_07_2007.pdf,dataset/Cooperation_Department/Policy_regarding_allotment_of_land_to_cooperative__25_07_2007.pdf,https://cdnbbsr.s3waas.gov.in/s392c5ad73d34a8c18d276a0f0b60ea745/uploads/2025/04/202504281308650980.pdf,https://mahasahakar.maharashtra.gov.in,https://mahasahakar.maharashtra.gov.in/en/documents/,Cooperation Department,Cooperation Department,Government Resolution / Notification,Policy,English,25/07/2007,25/07/2007,2026-07-13 14:19:27,,1529279,,,2007.0,1765f66bb192e632e5b6a6f0529838c113bef17b06dbd6db1aeccf6ac26147a8,Downloaded,,Cooperation_Department,,,,,1.1,,,
coop_20260713141929_Regarding_expediting,Regarding expediting the program of reconstruction/reconstruction of old and dilapidated cessed buildings on Mumbai City Island.,Regarding_expediting_the_program_of_reconstruction_18_07_2005.pdf,dataset/Cooperation_Department/Regarding_expediting_the_program_of_reconstruction_18_07_2005.pdf,https://cdnbbsr.s3waas.gov.in/s392c5ad73d34a8c18d276a0f0b60ea745/uploads/2025/04/20250428665169243.pdf,https://mahasahakar.maharashtra.gov.in,https://mahasahakar.maharashtra.gov.in/en/documents/,Cooperation Department,Cooperation Department,Government Resolution / Notification,Government Resolution,Unknown,18/07/2005,18/07/2005,2026-07-13 14:19:29,,1566621,,,2005.0,b1e0e17e72d43f42287b1b37ae54bdcc17035e8fca55070cccc795a88677ec7b,Downloaded,,Cooperation_Department,,,,,1.1,,,
gr_202607131244586307_20260713150056,"महाराष्ट्र जीवन प्राधिकरण, बेलापूर, नवी मुंबई या कार्यालयातील कक्ष अधिकारी/विशेष अधीक्षक या पदावर  प्रतिनियुक्तीने नियुक्ती करणेबाबत श्री. मल्लिनाथ अ. घोंगडे, कक्ष अधिकारी",202607131244586307_महरषटर_जवन_परधकरण_बलपर_नव_मबई_य_करयलयतल_.pdf,dataset/Government_Resolutions/202607131244586307_महरषटर_जवन_परधकरण_बलपर_नव_मबई_य_करयलयतल_.pdf,https://gr.maharashtra.gov.in/Site/Upload/Government%20Resolutions/Marathi/202607131244586307.pdf,https://gr.maharashtra.gov.in,https://gr.maharashtra.gov.in/1145/Government-Resolutions,सामान्य प्रशासन विभाग,GR Portal,Government Resolution,Government Resolution,Marathi,13-07-2026,13-07-2026,2026-07-13 15:00:56,2.026071312445863e+17,240780,,,2026.0,1feffd4598a1aefc06498a932dc5e38842f6c3d0b7118abf12cfa6f6da0a4d07,Downloaded,,Government_Resolutions,,,,,1.1,,,
gr_202607131253183110_20260713150058,"सामाजिक सुरक्षा संहिता, 2020 च्या अनुषंगाने महाराष्ट्र इमारत व इतर बांधकाम कामगार कल्याणकारी मंडळ, मुंबई अंतर्गत नोंदित जिवीत (सक्रिय) बांधकाम कामगारांना मृत्यू सहाय्य व दिव्यांग सहाय्य योजना लागू करण्याबाबत.",202607131253183110_समजक_सरकष_सहत_2020_चय_अनषगन_महरषटर_इमरत_.pdf,dataset/Government_Resolutions/202607131253183110_समजक_सरकष_सहत_2020_चय_अनषगन_महरषटर_इमरत_.pdf,https://gr.maharashtra.gov.in/Site/Upload/Government%20Resolutions/Marathi/202607131253183110.pdf,https://gr.maharashtra.gov.in,https://gr.maharashtra.gov.in/1145/Government-Resolutions,"उद्योग, उर्जा व कामगार विभाग",GR Portal,Government Resolution,Government Resolution,Marathi,13-07-2026,13-07-2026,2026-07-13 15:00:58,2.026071312531831e+17,629982,,,2026.0,5d208b096e16b479213471719f2e1fff472b51b0041cb11bf4262b61eab9f49e,Downloaded,,Government_Resolutions,,,,,1.1,,,
gr_202607131257143810_20260713150101,"सामाजिक सुरक्षा संहिता, 2020 च्या अनुषंगाने महाराष्ट्र इमारत व इतर बांधकाम कामगार कल्याणकारी मंडळ, मुंबई अंतर्गत नोंदित बांधकाम कामगारांना निवृत्तीवेतन योजना लागू करण्याबाबत.",202607131257143810_समजक_सरकष_सहत_2020_चय_अनषगन_महरषटर_इमरत_.pdf,dataset/Government_Resolutions/202607131257143810_समजक_सरकष_सहत_2020_चय_अनषगन_महरषटर_इमरत_.pdf,https://gr.maharashtra.gov.in/Site/Upload/Government%20Resolutions/Marathi/202607131257143810.pdf,https://gr.maharashtra.gov.in,https://gr.maharashtra.gov.in/1145/Government-Resolutions,"उद्योग, उर्जा व कामगार विभाग",GR Portal,Government Resolution,Government Resolution,Marathi,13-07-2026,13-07-2026,2026-07-13 15:01:01,2.026071312571438e+17,629035,,,2026.0,fd1a2377b779ce0f5f84534107bfd80217f2be5689089c4625b053b7e5e0e079,Downloaded,,Government_Resolutions,,,,,1.1,,,
gr_202607131302408010_20260713150103,"सामाजिक सुरक्षा संहिता, 2020 च्या अनुषंगाने महाराष्ट्र इमारत व इतर बांधकाम कामगार कल्याणकारी मंडळ, मुंबई अंतर्गत नोंदित जिवित (सक्रिय) बांधकाम कामगारांच्या पाल्यांना शैक्षणिक सहाय्य योजना लागू करण्याबाबत.",202607131302408010_समजक_सरकष_सहत_2020_चय_अनषगन_महरषटर_इमरत_.pdf,dataset/Government_Resolutions/202607131302408010_समजक_सरकष_सहत_2020_चय_अनषगन_महरषटर_इमरत_.pdf,https://gr.maharashtra.gov.in/Site/Upload/Government%20Resolutions/Marathi/202607131302408010.pdf,https://gr.maharashtra.gov.in,https://gr.maharashtra.gov.in/1145/Government-Resolutions,"उद्योग, उर्जा व कामगार विभाग",GR Portal,Government Resolution,Government Resolution,Marathi,13-07-2026,13-07-2026,2026-07-13 15:01:03,2.02607131302408e+17,690026,,,2026.0,67dc82ef2b5bc518bbb68111ee5dee982e1a264a7e3c1e66891282f7a1326ac7,Downloaded,,Government_Resolutions,,,,,1.1,,,
gr_202607131304591910_20260713150106,"सामाजिक सुरक्षा संहिता, 2020 च्या अनुषंगाने महाराष्ट्र इमारत व इतर बांधकाम कामगार कल्याणकारी मंडळ, मुंबई अंतर्गत नोंदित जिवीत (सक्रिय) महिला बांधकाम कामगारांना प्रसुती सहाय्य योजना लागू करण्याबाबत.",202607131304591910_समजक_सरकष_सहत_2020_चय_अनषगन_महरषटर_इमरत_.pdf,dataset/Government_Resolutions/202607131304591910_समजक_सरकष_सहत_2020_चय_अनषगन_महरषटर_इमरत_.pdf,https://gr.maharashtra.gov.in/Site/Upload/Government%20Resolutions/Marathi/202607131304591910.pdf,https://gr.maharashtra.gov.in,https://gr.maharashtra.gov.in/1145/Government-Resolutions,"उद्योग, उर्जा व कामगार विभाग",GR Portal,Government Resolution,Government Resolution,Marathi,13-07-2026,13-07-2026,2026-07-13 15:01:06,2.0260713130459194e+17,529105,,,2026.0,d55baaa16fc745109e5838eac888d12a9dffb65ed011b8e6df27cd114614c6ff,Downloaded,,Government_Resolutions,,,,,1.1,,,
gr_202607131157219511..._20260713150108,"शासनाचे महत्त्वपूर्ण निर्णय, आदेश, अधिसूचना, मंजुरीपत्रे व इतर संवेदनशील दस्तऐवज डिजिटल स्वाक्षरी प्रमाणपत्र (Digital Signature Certificate - DSC) अथवा e-Sign द्वारे निर्गमित करण्याबाबत.",202607131157219511_शसनच_महततवपरण_नरणय_आदश_अधसचन_मजरपतर_व_इत.pdf,dataset/Government_Resolutions/202607131157219511_शसनच_महततवपरण_नरणय_आदश_अधसचन_मजरपतर_व_इत.pdf,https://gr.maharashtra.gov.in/Site/Upload/Government%20Resolutions/Marathi/202607131157219511....pdf,https://gr.maharashtra.gov.in,https://gr.maharashtra.gov.in/1145/Government-Resolutions,"इलेक्ट्रॉनिक्स, माहिती तंत्रज्ञान व कृत्रिम बुद्धिमत्ता विभाग",GR Portal,Government Resolution,Notification,Marathi,13-07-2026,13-07-2026,2026-07-13 15:01:08,202607131157219511...,225957,,,2026.0,b096621bb0046caa8db43610b253afbeda189a056c2d543d79ac8b1daee2cf9f,Downloaded,,Government_Resolutions,,,,,1.1,,,
gr_202607131138190016_20260713150110,"राज्यातील महाराष्ट्र ग्रामीण बँक या प्रादेशिक ग्रामीण बँकेच्या संचालक मंडळावर शासनाचे दोन प्रतिनिधी, संचालक म्हणून नियुक्त करणेबाबत.",202607131138190016_रजयतल_महरषटर_गरमण_बक_य_परदशक_गरमण_बकचय_स.pdf,dataset/Government_Resolutions/202607131138190016_रजयतल_महरषटर_गरमण_बक_य_परदशक_गरमण_बकचय_स.pdf,https://gr.maharashtra.gov.in/Site/Upload/Government%20Resolutions/Marathi/202607131138190016.pdf,https://gr.maharashtra.gov.in,https://gr.maharashtra.gov.in/1145/Government-Resolutions,नियोजन विभाग,GR Portal,Government Resolution,Government Resolution,Marathi,13-07-2026,13-07-2026,2026-07-13 15:01:10,202607131138190016,214913,,,2026.0,a4b6e660b805a7bcf2df6e33502e637a4812fa5b97f6f7b9baef56d1f3d8ba63,Downloaded,,Government_Resolutions,,,,,1.1,,,
gr_202607131308239516_20260713150112,विकसित भारत रोजगार आणि आजिविका हमी मिशन (ग्रामीण) (विकसित भारत - जी राम जी) या केंद्र पुरस्कृत योजनेअंतर्गत भारतीय रिर्झव्ह बँकेमध्ये स्वतंत्र आहरण खाते (Drawing Account)  उघडण्यास मान्यता प्रदान करणेबाबत....,202607131308239516_वकसत_भरत_रजगर_आण_आजवक_हम_मशन_गरमण_वकसत_भ.pdf,dataset/Government_Resolutions/202607131308239516_वकसत_भरत_रजगर_आण_आजवक_हम_मशन_गरमण_वकसत_भ.pdf,https://gr.maharashtra.gov.in/Site/Upload/Government%20Resolutions/Marathi/202607131308239516.pdf,https://gr.maharashtra.gov.in,https://gr.maharashtra.gov.in/1145/Government-Resolutions,नियोजन विभाग,GR Portal,Government Resolution,Government Resolution,Marathi,13-07-2026,13-07-2026,2026-07-13 15:01:12,202607131308239516,299817,,,2026.0,d1080fc9266b56a5311ef12f10ed28677287cbf6e46221d34d5fd90db08a0a47,Downloaded,,Government_Resolutions,,,,,1.1,,,
gr_202607131221109819_20260713150115,श्री. क्षेत्र पंढरपूर येथे वारीसाठी येणाऱ्या वारकऱ्यांसाठी विठ्ठल रखुमाई वारकरी योजना-2026 राबविण्याबाबत...,202607131221109819_शर_कषतर_पढरपर_यथ_वरसठ_यणऱय_वरकऱयसठ_वठठल_.pdf,dataset/Government_Resolutions/202607131221109819_शर_कषतर_पढरपर_यथ_वरसठ_यणऱय_वरकऱयसठ_वठठल_.pdf,https://gr.maharashtra.gov.in/Site/Upload/Government%20Resolutions/Marathi/202607131221109819.pdf,https://gr.maharashtra.gov.in,https://gr.maharashtra.gov.in/1145/Government-Resolutions,महसूल व वन विभाग,GR Portal,Government Resolution,Government Resolution,Marathi,13-07-2026,13-07-2026,2026-07-13 15:01:15,202607131221109819,151843,,,2026.0,c34236cc1f86337cf1a40f3bd8ac8d969617831afe4a82a0f9a8c232503c12f1,Downloaded,,Government_Resolutions,,,,,1.1,,,
gr_202607141155189605_20260714130057,"निवृत्तीवेतनासाठी बँकेत संयुक्त बचत खाते उघडल्यानंतर निवृत्तीवेतनधारकांनी अधिदान व लेखा अधिकारी, मुंबई / कोषागार कार्यालयास भरून द्यावयाचे शपथपत्र मुद्रांक पेपरऐवजी साध्या पेपरवर घेणेबाबत.",202607141155189605_नवततवतनसठ_बकत_सयकत_बचत_खत_उघडलयनतर_नवततव.pdf,dataset/Government_Resolutions/202607141155189605_नवततवतनसठ_बकत_सयकत_बचत_खत_उघडलयनतर_नवततव.pdf,https://gr.maharashtra.gov.in/Site/Upload/Government%20Resolutions/Marathi/202607141155189605.pdf,https://gr.maharashtra.gov.in,https://gr.maharashtra.gov.in/1145/Government-Resolutions,वित्त विभाग,GR Portal,Government Resolution,Government Resolution,Marathi,14-07-2026,14-07-2026,2026-07-14 13:00:57,202607141155189605,314031,,,2026.0,fa50e828abe2c812ffe94c8dc83318d6802a77e3be3647cd7147a4d2b2705da3,Downloaded,,Government_Resolutions,Government_Resolutions,,,,1.1,,Failed,False
gr_202607141252355612_20260714130059,"सन 202६-2७ अर्थसंकल्पीय अनुदान मागणी क्र. जे-5, 7610- शासकीय   कर्मचारी                        इत्यादींना   कर्ज  -  (201)(00)(01)  घर बांधणी  अग्रिम वाटप.",202607141252355612_सन_202६-2७_अरथसकलपय_अनदन_मगण_कर_ज-5_7610.pdf,dataset/Government_Resolutions/202607141252355612_सन_202६-2७_अरथसकलपय_अनदन_मगण_कर_ज-5_7610.pdf,https://gr.maharashtra.gov.in/Site/Upload/Government%20Resolutions/Marathi/202607141252355612.pdf,https://gr.maharashtra.gov.in,https://gr.maharashtra.gov.in/1145/Government-Resolutions,विधी व न्याय विभाग,GR Portal,Government Resolution,Government Resolution,Marathi,14-07-2026,14-07-2026,2026-07-14 13:00:59,202607141252355612,584617,,,2026.0,e1805533852be28621a15e483f24e3844c0a5ab84a56a5c5bbc54c26a91d5f82,Downloaded,,Government_Resolutions,Government_Resolutions,,,,1.1,,Failed,False
gr_202607141217248934..._20260714130101,केंद्र पुरस्कृत PM-YASASVI या मुख्य विषयांतर्गत मॅट्रिकोत्तर शिष्यवृत्तीच्या निधी वितरणाबाबत.,202607141217248934_कदर_परसकत_PM-YASASVI_य_मखय_वषयतरगत_मटरकत.pdf,dataset/Government_Resolutions/202607141217248934_कदर_परसकत_PM-YASASVI_य_मखय_वषयतरगत_मटरकत.pdf,https://gr.maharashtra.gov.in/Site/Upload/Government%20Resolutions/Marathi/202607141217248934....pdf,https://gr.maharashtra.gov.in,https://gr.maharashtra.gov.in/1145/Government-Resolutions,इतर मागास बहुजन कल्याण विभाग,GR Portal,Government Resolution,Government Resolution,Marathi,14-07-2026,14-07-2026,2026-07-14 13:01:01,202607141217248934...,225695,,,2026.0,7bf5424488f23cc6934e2af8f663ba5c238fe9248b51c311fb2017b76672c733,Downloaded,,Government_Resolutions,Government_Resolutions,,,,1.1,,Failed,False
gr_202607141222402834_20260714130104,"सन 2026-27 मध्ये PM-YASASVI योजनेंतर्गत ओबीसी, ईबीसी व डीएनटी विद्यार्थ्यांसाठी मॅट्रिकपूर्व शिष्यवृत्ती प्रदान करण्यासाठी निधी वितरण करणेबाबत..",202607141222402834_सन_2026-27_मधय_PM-YASASVI_यजनतरगत_ओबस_ईब.pdf,dataset/Government_Resolutions/202607141222402834_सन_2026-27_मधय_PM-YASASVI_यजनतरगत_ओबस_ईब.pdf,https://gr.maharashtra.gov.in/Site/Upload/Government%20Resolutions/Marathi/202607141222402834.pdf,https://gr.maharashtra.gov.in,https://gr.maharashtra.gov.in/1145/Government-Resolutions,इतर मागास बहुजन कल्याण विभाग,GR Portal,Government Resolution,Government Resolution,Marathi,14-07-2026,14-07-2026,2026-07-14 13:01:04,202607141222402834,319620,,,2026.0,5e07c4942c3364a05e795c10dbfd2ecb0caceab589baaeffad6f612c1251fd7d,Downloaded,,Government_Resolutions,Government_Resolutions,,,,1.1,,Failed,False
gr_202607131609166102_20260714130106,केंद्र पुरस्कृत प्राथमिक कृषी पतपुरवठा सहकारी संस्थांचे संगणकीकरण  या योजनेंतर्गत सन 2026-27 या वर्षाकरीता SNA-SPARSH वर निधी वितरीत करणेबाबत..,202607131609166102_कदर_परसकत_परथमक_कष_पतपरवठ_सहकर_ससथच_सगणक.pdf,dataset/Government_Resolutions/202607131609166102_कदर_परसकत_परथमक_कष_पतपरवठ_सहकर_ससथच_सगणक.pdf,https://gr.maharashtra.gov.in/Site/Upload/Government%20Resolutions/Marathi/202607131609166102.pdf,https://gr.maharashtra.gov.in,https://gr.maharashtra.gov.in/1145/Government-Resolutions,"सहकार, पणन व वस्‍त्रोद्योग विभाग",GR Portal,Government Resolution,Government Resolution,Marathi,13-07-2026,13-07-2026,2026-07-14 13:01:06,202607131609166102,431720,,,2026.0,40218e1935af3d977505c127261a77333495916c705c6954fbb70364a7dd06ae,Downloaded,,Government_Resolutions,Government_Resolutions,,,,1.1,,Failed,False
gr_202607131559415202_20260714130108,"सहकारी सूतगिरण्यांना वित्तीय संस्थांकडून मिळणा-या कर्जावरील 12 व्याजाचे प्रदान करणेबाबत- पार्वती सहकारी सूतगिरणी लि., कुरंदवाड तेरवाड, ता. शिरोळ, जि कोल्हापूर.-",202607131559415202_सहकर_सतगरणयन_वततय_ससथकडन_मळण-य_करजवरल_12.pdf,dataset/Finance/202607131559415202_सहकर_सतगरणयन_वततय_ससथकडन_मळण-य_करजवरल_12.pdf,https://gr.maharashtra.gov.in/Site/Upload/Government%20Resolutions/Marathi/202607131559415202.pdf,https://gr.maharashtra.gov.in,https://gr.maharashtra.gov.in/1145/Government-Resolutions,"सहकार, पणन व वस्‍त्रोद्योग विभाग",GR Portal,Government Resolution,Government Resolution,Marathi,13-07-2026,13-07-2026,2026-07-14 13:01:08,202607131559415202,332260,,,2026.0,15ef3c3537e0d75d9b00fd5e9dca2ce1a93dfc1f505020572da6b64c1900fa15,Downloaded,,Finance,Finance,,,,1.1,,Failed,False
gr_202607131723109902_20260714130845,"सहकारी सूतगिरण्यांना वित्तीय संस्थांकडून मिळणा-या कर्जावरील 12 व्याजाचे प्रदान करणेबाबत- कोल्हापूर जिल्हा शेतकरी विणकरी सहकारी सूतगिरणी लि., इचलकरंजी, ता.शिरोळ, जि.कोल्हापूर.",202607131723109902_सहकर_सतगरणयन_वततय_ससथकडन_मळण-य_करजवरल_12.pdf,dataset/Finance/202607131723109902_सहकर_सतगरणयन_वततय_ससथकडन_मळण-य_करजवरल_12.pdf,https://gr.maharashtra.gov.in/Site/Upload/Government%20Resolutions/Marathi/202607131723109902.pdf,https://gr.maharashtra.gov.in,https://gr.maharashtra.gov.in/1145/Government-Resolutions,"सहकार, पणन व वस्‍त्रोद्योग विभाग",GR Portal,Government Resolution,Government Resolution,Marathi,13-07-2026,13-07-2026,2026-07-14 13:08:45,202607131723109902,323052,,,2026.0,5345fff9293ecbb85bbbeb74a60bce5fcb56e620a2d55ee7d2939e1fc5d00470,Downloaded,,Finance,Finance,,,,1.1,,Failed,False
gr_202607131923117207_20260714130847,"राजशिष्टाचार विभागातील परकीय थेट गुंतवणूक, परदेशस्थ नागरीकांचे विषय आणि आंतरराष्ट्रीय संपर्क या तीन नवीन कार्यासनांकरिता 23 पदे (21 पदे नियमित 2 बाह्ययंत्रणेद्वारे) नव्याने निर्माण करणेबाबत.",202607131923117207_रजशषटचर_वभगतल_परकय_थट_गतवणक_परदशसथ_नगरकच.pdf,dataset/Rules/202607131923117207_रजशषटचर_वभगतल_परकय_थट_गतवणक_परदशसथ_नगरकच.pdf,https://gr.maharashtra.gov.in/Site/Upload/Government%20Resolutions/Marathi/202607131923117207.pdf,https://gr.maharashtra.gov.in,https://gr.maharashtra.gov.in/1145/Government-Resolutions,सामान्य प्रशासन विभाग,GR Portal,Government Resolution,Rule,Marathi,13-07-2026,13-07-2026,2026-07-14 13:08:47,202607131923117207,311595,,,2026,1ecdab2e2971cee2482427442a468fb051deae04bed81ec7f87b7c3fc04c55ca,Downloaded,,Rules,Rules,,,,1.1,,Failed,False
