document_id,title,filename,local_path,pdf_url,source_website,source_page,department,connector,category,document_type,language,date,gr_date,download_date,unique_code,size,page_count,version,year,sha256,status,tags
saha_20260714130950_गहनरमण_नयम_१०६-स_दनक,"गृहनिर्माण नियम १०६-सी, दिनांक २२.०६.२०२६",गहनरमण_नयम_१०६-स_दनक_२२०६२०२६_2026-06-22.pdf,dataset/Acts/गहनरमण_नयम_१०६-स_दनक_२२०६२०२६_2026-06-22.pdf,https://sahakarayukta.maharashtra.gov.in/site/upload/documents/Housing Rules Rule 106C.pdf,https://sahakarayukta.maharashtra.gov.in,https://sahakarayukta.maharashtra.gov.in/Site/Information/ListingUploadOtherPdf.aspx?Doctype=883C2837-B898-4558-8CD6-87090AD2291B&MenuID=1072,Commissioner and Registrar of Cooperative Societies,Sahakarayukta (Registrar of Cooperative Societies),Acts & Rules,Rule,Marathi,2026-06-22,2026-06-22,2026-07-14 13:09:50,,1437510,,,2026,7d79c0b934b52db67d7f682cf795d0da83f4ddbe0b2b3c316f4351ef62501a4e,Downloaded,
saha_20260714130953_महरषटर_सहकर_ससथ_अधनय,"महाराष्ट्र सहकारी संस्था अधिनियम, 1960 इंग्रजी आवृत्ती",महरषटर_सहकर_ससथ_अधनयम_1960_इगरज_आवतत_2025-06-06.pdf,dataset/Acts/महरषटर_सहकर_ससथ_अधनयम_1960_इगरज_आवतत_2025-06-06.pdf,https://sahakarayukta.maharashtra.gov.in/site/upload/documents/maharashtra-co-operative-societies-act-1960- English Edition.pdf,https://sahakarayukta.maharashtra.gov.in,https://sahakarayukta.maharashtra.gov.in/Site/Information/ListingUploadOtherPdf.aspx?Doctype=883C2837-B898-4558-8CD6-87090AD2291B&MenuID=1072,Commissioner and Registrar of Cooperative Societies,Sahakarayukta (Registrar of Cooperative Societies),Acts & Rules,Act,English,2025-06-06,2025-06-06,2026-07-14 13:09:53,,1431737,,,2025,aacc5c61795ca813e8b7a033888e4ba9275f73c034b66235115f94c5330fd50a,Downloaded,
saha_20260714130958_महरषटर_सहकर_ससथ_सधरण,"महाराष्ट्र सहकारी संस्था (सुधारणा) नियम, २०२५",महरषटर_सहकर_ससथ_सधरण_नयम_२०२५_2025-04-15.pdf,dataset/Acts/महरषटर_सहकर_ससथ_सधरण_नयम_२०२५_2025-04-15.pdf,https://sahakarayukta.maharashtra.gov.in/site/upload/documents/अधिसूचना-नियम सुधारणा 15-04-2025.pdf,https://sahakarayukta.maharashtra.gov.in,https://sahakarayukta.maharashtra.gov.in/Site/Information/ListingUploadOtherPdf.aspx?Doctype=883C2837-B898-4558-8CD6-87090AD2291B&MenuID=1072,Commissioner and Registrar of Cooperative Societies,Sahakarayukta (Registrar of Cooperative Societies),Acts & Rules,Rule,Marathi,2025-04-15,2025-04-15,2026-07-14 13:09:58,,1730396,,,2025,76e6633d4a94ad5f569b2048b3d27866c41b5fa7b7575db9bc192df6da2d64e1,Downloaded,
saha_20260714131000_महरषटर_सहकर_ससथ_सधरण,"महाराष्ट्र सहकारी संस्था (सुधारणा) नियम, 2019",महरषटर_सहकर_ससथ_सधरण_नयम_2019_2019-07-23.pdf,dataset/Acts/महरषटर_सहकर_ससथ_सधरण_नयम_2019_2019-07-23.pdf,https://sahakarayukta.maharashtra.gov.in/site/upload/documents/MCS Amendment 2019.pdf,https://sahakarayukta.maharashtra.gov.in,https://sahakarayukta.maharashtra.gov.in/Site/Information/ListingUploadOtherPdf.aspx?Doctype=883C2837-B898-4558-8CD6-87090AD2291B&MenuID=1072,Commissioner and Registrar of Cooperative Societies,Sahakarayukta (Registrar of Cooperative Societies),Acts & Rules,Rule,Marathi,2019-07-23,2019-07-23,2026-07-14 13:10:00,,305648,,,2019,95e680be63145afc3b6c1698894ccdba423a1e98eddc128a6a6fb7ba2528df0b,Downloaded,
saha_20260714131003_महरषटर_सहकर_ससथ_नवडण,"महाराष्ट्र सहकारी संस्था (निवडणूक समिती) नियम, २०१४",महरषटर_सहकर_ससथ_नवडणक_समत_नयम_२०१४_2014-09-11.pdf,dataset/Acts/महरषटर_सहकर_ससथ_नवडणक_समत_नयम_२०१४_2014-09-11.pdf,"https://sahakarayukta.maharashtra.gov.in/site/upload/documents/Maharashtra Cooperative Societies (Election Committee) Rules, 2014.pdf",https://sahakarayukta.maharashtra.gov.in,https://sahakarayukta.maharashtra.gov.in/Site/Information/ListingUploadOtherPdf.aspx?Doctype=883C2837-B898-4558-8CD6-87090AD2291B&MenuID=1072,Commissioner and Registrar of Cooperative Societies,Sahakarayukta (Registrar of Cooperative Societies),Acts & Rules,Rule,Marathi,2014-09-11,2014-09-11,2026-07-14 13:10:03,,294451,,,2014,70bbf61d37785f65e86c2d5a9983a285618d71eb1289ff7591519e6ee04bfc96,Downloaded,
saha_20260714131006_महरषटर_सहकर_ससथ_सधरण,"महाराष्ट्र सहकारी संस्था (सुधारणा) नियम, 2013",महरषटर_सहकर_ससथ_सधरण_नयम_2013_2013-08-13.pdf,dataset/Acts/महरषटर_सहकर_ससथ_सधरण_नयम_2013_2013-08-13.pdf,https://sahakarayukta.maharashtra.gov.in/site/upload/documents/MCS Amendment 2013.pdf,https://sahakarayukta.maharashtra.gov.in,https://sahakarayukta.maharashtra.gov.in/Site/Information/ListingUploadOtherPdf.aspx?Doctype=883C2837-B898-4558-8CD6-87090AD2291B&MenuID=1072,Commissioner and Registrar of Cooperative Societies,Sahakarayukta (Registrar of Cooperative Societies),Acts & Rules,Rule,Marathi,2013-08-13,2013-08-13,2026-07-14 13:10:06,,867523,,,2013,cb66ef347da3c26bcb80597bc54d1a00f3eaa55520a8cc05df6810257d48b0c2,Downloaded,
saha_20260714131020_महरषटर_सहकर_ससथ_अधनय,"महाराष्ट्र सहकारी संस्था अधिनियम, 1960 मराठी आवृत्ती",महरषटर_सहकर_ससथ_अधनयम_1960_मरठ_आवतत_2006-11-01.pdf,dataset/Acts/महरषटर_सहकर_ससथ_अधनयम_1960_मरठ_आवतत_2006-11-01.pdf,https://sahakarayukta.maharashtra.gov.in/site/upload/documents/maharashtra co- operative societies act-1960-Marathi Edition.pdf,https://sahakarayukta.maharashtra.gov.in,https://sahakarayukta.maharashtra.gov.in/Site/Information/ListingUploadOtherPdf.aspx?Doctype=883C2837-B898-4558-8CD6-87090AD2291B&MenuID=1072,Commissioner and Registrar of Cooperative Societies,Sahakarayukta (Registrar of Cooperative Societies),Acts & Rules,Act,Marathi,2006-11-01,2006-11-01,2026-07-14 13:10:20,,5455760,,,2006,71a1e5f957d5ac9b6a450b7d983d836ee04da514689b4a827c2e0f8f29fa8b71,Downloaded,
saha_20260714131024_महरषटर_सहकर_ससथ_नयम_,"महाराष्ट्र सहकारी संस्था नियम, १९६१",महरषटर_सहकर_ससथ_नयम_१९६१_1961-09-29.pdf,dataset/Acts/महरषटर_सहकर_ससथ_नयम_१९६१_1961-09-29.pdf,"https://sahakarayukta.maharashtra.gov.in/site/upload/documents/Maharashtra Cooperative Societies Rules, 1961.pdf",https://sahakarayukta.maharashtra.gov.in,https://sahakarayukta.maharashtra.gov.in/Site/Information/ListingUploadOtherPdf.aspx?Doctype=883C2837-B898-4558-8CD6-87090AD2291B&MenuID=1072,Commissioner and Registrar of Cooperative Societies,Sahakarayukta (Registrar of Cooperative Societies),Acts & Rules,Rule,Marathi,1961-09-29,1961-09-29,2026-07-14 13:10:24,,814210,,,1961,a10c26b36b1b1e1a66dd68484c373c787bce8a315e37c8386a626c2a7e4e996c,Downloaded,
saha_20260714131030_आदरश_उपवध_-_गहनरमण_म,आदर्श उपविधी - गृहनिर्माण (मराठी),आदरश_उपवध_-_गहनरमण_मरठ_2015-06-11.pdf,dataset/Model_ByeLaws/आदरश_उपवध_-_गहनरमण_मरठ_2015-06-11.pdf,https://sahakarayukta.maharashtra.gov.in/site/upload/documents/Housing Society Bye Laws Final 2015.pdf,https://sahakarayukta.maharashtra.gov.in,https://sahakarayukta.maharashtra.gov.in/1105/Model-Bye-Laws?Doctype=1CC73BAD-36CA-45AA-BA03-2119E31B6337,Commissioner and Registrar of Cooperative Societies,Sahakarayukta (Registrar of Cooperative Societies),Model Bye Laws,Bye-law,Marathi,2015-06-11,2015-06-11,2026-07-14 13:10:30,,2166104,,,2015,b76328ec0bd5c21259180446dd8193d70161f32af29e7e18989cff3639ec2f63,Downloaded,
saha_20260714131033_आदरश_उपवध_-_गहनरमण_इ,आदर्श उपविधी - गृहनिर्माण (इंग्रजी)),आदरश_उपवध_-_गहनरमण_इगरज_2014-07-10.pdf,dataset/Model_ByeLaws/आदरश_उपवध_-_गहनरमण_इगरज_2014-07-10.pdf,https://sahakarayukta.maharashtra.gov.in/site/upload/documents/Model Bye Laws of Coop Housing Society New Flatowner Type (2-9-14).pdf,https://sahakarayukta.maharashtra.gov.in,https://sahakarayukta.maharashtra.gov.in/1105/Model-Bye-Laws?Doctype=1CC73BAD-36CA-45AA-BA03-2119E31B6337,Commissioner and Registrar of Cooperative Societies,Sahakarayukta (Registrar of Cooperative Societies),Model Bye Laws,Bye-law,Marathi,2014-07-10,2014-07-10,2026-07-14 13:10:33,,563668,,,2014,93ee6d2139f6f10ccc0212757b53db05b7565c31a03b403200ba7e3b07b68310,Downloaded,
saha_20260714131035_आदरश_उपवध_-_खरद_वकर_,आदर्श उपविधी - खरेदी विक्री सहकारी संस्था,आदरश_उपवध_-_खरद_वकर_सहकर_ससथ_2014-05-27.pdf,dataset/Model_ByeLaws/आदरश_उपवध_-_खरद_वकर_सहकर_ससथ_2014-05-27.pdf,https://sahakarayukta.maharashtra.gov.in/site/upload/documents/Mode_Byelawws_of_Kharedi_Vikri_Co-operative_Society.pdf,https://sahakarayukta.maharashtra.gov.in,https://sahakarayukta.maharashtra.gov.in/1105/Model-Bye-Laws?Doctype=1CC73BAD-36CA-45AA-BA03-2119E31B6337,Commissioner and Registrar of Cooperative Societies,Sahakarayukta (Registrar of Cooperative Societies),Model Bye Laws,Bye-law,Marathi,2014-05-27,2014-05-27,2026-07-14 13:10:35,,283905,,,2014,d3a2a71ea99fec3a520879474a4f612d39be63a27909d68f09137e4e2430c53a,Downloaded,
saha_20260714131037_आदरश_उपवध_-_कष_परकरय,आदर्श उपविधी - कृषि प्रक्रिया सहकारी संस्था,आदरश_उपवध_-_कष_परकरय_सहकर_ससथ_2014-05-27.pdf,dataset/Model_ByeLaws/आदरश_उपवध_-_कष_परकरय_सहकर_ससथ_2014-05-27.pdf,https://sahakarayukta.maharashtra.gov.in/site/upload/documents/Model_Byelaws_Of_Processing_Co-operative_Society.pdf,https://sahakarayukta.maharashtra.gov.in,https://sahakarayukta.maharashtra.gov.in/1105/Model-Bye-Laws?Doctype=1CC73BAD-36CA-45AA-BA03-2119E31B6337,Commissioner and Registrar of Cooperative Societies,Sahakarayukta (Registrar of Cooperative Societies),Model Bye Laws,Bye-law,Marathi,2014-05-27,2014-05-27,2026-07-14 13:10:37,,230628,,,2014,1301a71cecd261662145b9506df5942ca70c516707e5268e1f6437bfc67c8460,Downloaded,
saha_20260714131040_आदरश_उपवध_जनग_ॲणड_पर,आदर्श उपविधी जिनिंग ॲण्ड प्रसिंग सहकारी संस्था,आदरश_उपवध_जनग_ॲणड_परसग_सहकर_ससथ_2014-05-27.pdf,dataset/Model_ByeLaws/आदरश_उपवध_जनग_ॲणड_परसग_सहकर_ससथ_2014-05-27.pdf,https://sahakarayukta.maharashtra.gov.in/site/upload/documents/Model_Bye-laws_Of_Ginning_and_Pressing_Co-operative_Society.pdf,https://sahakarayukta.maharashtra.gov.in,https://sahakarayukta.maharashtra.gov.in/1105/Model-Bye-Laws?Doctype=1CC73BAD-36CA-45AA-BA03-2119E31B6337,Commissioner and Registrar of Cooperative Societies,Sahakarayukta (Registrar of Cooperative Societies),Model Bye Laws,Bye-law,Marathi,2014-05-27,2014-05-27,2026-07-14 13:10:40,,413114,,,2014,9b2ef50cbb86b48c54955d1b3aabe670f6599a34d15c087e2046190447e29b0c,Downloaded,
saha_20260714131042_आदरश_उपवध_-_पणपरवठ_स,आदर्श उपविधी - पाणीपुरवठा सहकारी संस्था,आदरश_उपवध_-_पणपरवठ_सहकर_ससथ_2014-05-27.pdf,dataset/Model_ByeLaws/आदरश_उपवध_-_पणपरवठ_सहकर_ससथ_2014-05-27.pdf,https://sahakarayukta.maharashtra.gov.in/site/upload/documents/Model_Byelaws_of_Panipurvatha_copoerative_societies.pdf,https://sahakarayukta.maharashtra.gov.in,https://sahakarayukta.maharashtra.gov.in/1105/Model-Bye-Laws?Doctype=1CC73BAD-36CA-45AA-BA03-2119E31B6337,Commissioner and Registrar of Cooperative Societies,Sahakarayukta (Registrar of Cooperative Societies),Model Bye Laws,Bye-law,Marathi,2014-05-27,2014-05-27,2026-07-14 13:10:42,,402545,,,2014,afd82c6a7cf2a43db14fc448b37cd102cc0b2ac89565d583a2d4ea963facc572,Downloaded,
saha_20260714131044_आदरश_उपवध_-_वहतक_सहक,आदर्श उपविधी - वाहतुक सहकारी संस्था,आदरश_उपवध_-_वहतक_सहकर_ससथ_2014-05-27.pdf,dataset/Model_ByeLaws/आदरश_उपवध_-_वहतक_सहकर_ससथ_2014-05-27.pdf,https://sahakarayukta.maharashtra.gov.in/site/upload/documents/Model_Byelaws_of_Transport_Co-operative_Society.pdf,https://sahakarayukta.maharashtra.gov.in,https://sahakarayukta.maharashtra.gov.in/1105/Model-Bye-Laws?Doctype=1CC73BAD-36CA-45AA-BA03-2119E31B6337,Commissioner and Registrar of Cooperative Societies,Sahakarayukta (Registrar of Cooperative Societies),Model Bye Laws,Bye-law,Marathi,2014-05-27,2014-05-27,2026-07-14 13:10:44,,307855,,,2014,0b3248677785fd410b368b9b6d1e8bb3d529ee0e00316179b4cf7792a4042afd,Downloaded,
saha_20260714131046_आदरश_उपवध_-_सरवसधरण_,आदर्श उपविधी - सर्वसाधारण सहकारी संस्था,आदरश_उपवध_-_सरवसधरण_सहकर_ससथ_2014-05-27.pdf,dataset/Model_ByeLaws/आदरश_उपवध_-_सरवसधरण_सहकर_ससथ_2014-05-27.pdf,https://sahakarayukta.maharashtra.gov.in/site/upload/documents/Model_Byelaws_of_General_Type_Co-operative_Society.pdf,https://sahakarayukta.maharashtra.gov.in,https://sahakarayukta.maharashtra.gov.in/1105/Model-Bye-Laws?Doctype=1CC73BAD-36CA-45AA-BA03-2119E31B6337,Commissioner and Registrar of Cooperative Societies,Sahakarayukta (Registrar of Cooperative Societies),Model Bye Laws,Bye-law,Marathi,2014-05-27,2014-05-27,2026-07-14 13:10:46,,318089,,,2014,e1b2946f5cadb69e0044a46759b68dd19abf90910454de54ad923c531ebc4bb1,Downloaded,
saha_20260714131048_आदरश_उपवध_-_कककटपलन_,आदर्श उपविधी - कक्कुटपालन व्यावसायिक सहकारी संस्था,आदरश_उपवध_-_कककटपलन_वयवसयक_सहकर_ससथ_2014-05-27.pdf,dataset/Model_ByeLaws/आदरश_उपवध_-_कककटपलन_वयवसयक_सहकर_ससथ_2014-05-27.pdf,https://sahakarayukta.maharashtra.gov.in/site/upload/documents/Model_Byelaws_Of_Poultry_Co-operative_Societies.pdf,https://sahakarayukta.maharashtra.gov.in,https://sahakarayukta.maharashtra.gov.in/1105/Model-Bye-Laws?Doctype=1CC73BAD-36CA-45AA-BA03-2119E31B6337,Commissioner and Registrar of Cooperative Societies,Sahakarayukta (Registrar of Cooperative Societies),Model Bye Laws,Bye-law,Marathi,2014-05-27,2014-05-27,2026-07-14 13:10:48,,404783,,,2014,be8e9264360250e4839dde9bd706270688542440f12dc7b2386acfb59077eb8a,Downloaded,
saha_20260714131051_आदरश_उपवध_-_ववध_करयक,आदर्श उपविधी - विविध कार्यकारी सेवा सहकारी संस्था,आदरश_उपवध_-_ववध_करयकर_सव_सहकर_ससथ_2014-05-27.pdf,dataset/Model_ByeLaws/आदरश_उपवध_-_ववध_करयकर_सव_सहकर_ससथ_2014-05-27.pdf,https://sahakarayukta.maharashtra.gov.in/site/upload/documents/Model_Bye-laws_Of_Primary_Agricultural_Co-operative_Society.pdf,https://sahakarayukta.maharashtra.gov.in,https://sahakarayukta.maharashtra.gov.in/1105/Model-Bye-Laws?Doctype=1CC73BAD-36CA-45AA-BA03-2119E31B6337,Commissioner and Registrar of Cooperative Societies,Sahakarayukta (Registrar of Cooperative Societies),Model Bye Laws,Bye-law,Marathi,2014-05-27,2014-05-27,2026-07-14 13:10:51,,711647,,,2014,d6f32bd1ed01d43d8ec3427bf1a477aec9d8dae6664944be3b100ac6685732c9,Downloaded,
saha_20260714131054_आदरश_उपवध_-_यतरमग_सह,आदर्श उपविधी - यंत्रमाग सहकारी संस्था,आदरश_उपवध_-_यतरमग_सहकर_ससथ_2014-05-27.pdf,dataset/Model_ByeLaws/आदरश_उपवध_-_यतरमग_सहकर_ससथ_2014-05-27.pdf,https://sahakarayukta.maharashtra.gov.in/site/upload/documents/Model_Bye-laws_Of_Powerloom_Co-operative_Society.pdf,https://sahakarayukta.maharashtra.gov.in,https://sahakarayukta.maharashtra.gov.in/1105/Model-Bye-Laws?Doctype=1CC73BAD-36CA-45AA-BA03-2119E31B6337,Commissioner and Registrar of Cooperative Societies,Sahakarayukta (Registrar of Cooperative Societies),Model Bye Laws,Bye-law,Marathi,2014-05-27,2014-05-27,2026-07-14 13:10:54,,386197,,,2014,9406eb1c786cec8fd38ba1c79a8e79b5a8a99076d993c0a9cd281b62e13cf271,Downloaded,
saha_20260714131056_आदरश_उपवध_-_फळ_भजपल_,आदर्श उपविधी - फळे भाजीपाला सहकारी संस्था,आदरश_उपवध_-_फळ_भजपल_सहकर_ससथ_2014-05-27.pdf,dataset/Model_ByeLaws/आदरश_उपवध_-_फळ_भजपल_सहकर_ससथ_2014-05-27.pdf,https://sahakarayukta.maharashtra.gov.in/site/upload/documents/Model_Byelaws_Of_Fruit_and_vegetables_Co-operative_Societies.pdf,https://sahakarayukta.maharashtra.gov.in,https://sahakarayukta.maharashtra.gov.in/1105/Model-Bye-Laws?Doctype=1CC73BAD-36CA-45AA-BA03-2119E31B6337,Commissioner and Registrar of Cooperative Societies,Sahakarayukta (Registrar of Cooperative Societies),Model Bye Laws,Bye-law,Marathi,2014-05-27,2014-05-27,2026-07-14 13:10:56,,213245,,,2014,01afe2aa5d61184e4b27393051f24a0e141ceb289535e700e2668b206d054dd8,Downloaded,
saha_20260714131058_आदरश_उपवध_-_पणपवर_सह,आदर्श उपविधी - पाणीपावर सहकारी संस्था,आदरश_उपवध_-_पणपवर_सहकर_ससथ_2014-05-27.pdf,dataset/Model_ByeLaws/आदरश_उपवध_-_पणपवर_सहकर_ससथ_2014-05-27.pdf,https://sahakarayukta.maharashtra.gov.in/site/upload/documents/Model_Bye-laws_Of_Panivapar_Co-operative_Society.pdf,https://sahakarayukta.maharashtra.gov.in,https://sahakarayukta.maharashtra.gov.in/1105/Model-Bye-Laws?Doctype=1CC73BAD-36CA-45AA-BA03-2119E31B6337,Commissioner and Registrar of Cooperative Societies,Sahakarayukta (Registrar of Cooperative Societies),Model Bye Laws,Bye-law,Marathi,2014-05-27,2014-05-27,2026-07-14 13:10:58,,325601,,,2014,127cd958e3c37a05db8763da75d702a43263714581a054cc92b55cdaff52bdb7,Downloaded,
saha_20260714131101_आदरश_उपवध_-_गहनरमण_स,आदर्श उपविधी - गृहनिर्माण सहकारी संस्था,आदरश_उपवध_-_गहनरमण_सहकर_ससथ_2014-05-27.pdf,dataset/Model_ByeLaws/आदरश_उपवध_-_गहनरमण_सहकर_ससथ_2014-05-27.pdf,https://sahakarayukta.maharashtra.gov.in/site/upload/documents/Model_ByeLaws_of_Housing_Cooperative_societies.pdf,https://sahakarayukta.maharashtra.gov.in,https://sahakarayukta.maharashtra.gov.in/1105/Model-Bye-Laws?Doctype=1CC73BAD-36CA-45AA-BA03-2119E31B6337,Commissioner and Registrar of Cooperative Societies,Sahakarayukta (Registrar of Cooperative Societies),Model Bye Laws,Bye-law,Marathi,2014-05-27,2014-05-27,2026-07-14 13:11:01,,470283,,,2014,c97825b936ce2ceb612a9102ac35951cfc574978222079f6d145e45b7a7036f0,Downloaded,
saha_20260714131104_आदरश_उपवध_-_भडकर_मलक,आदर्श उपविधी - भाडेकरु मालकी हक्क गृहनिर्माण संस्था,आदरश_उपवध_-_भडकर_मलक_हकक_गहनरमण_ससथ_2014-05-27.pdf,dataset/Model_ByeLaws/आदरश_उपवध_-_भडकर_मलक_हकक_गहनरमण_ससथ_2014-05-27.pdf,https://sahakarayukta.maharashtra.gov.in/site/upload/documents/Model_Byelaws_Of_Plot_Type_Co-operative_Housing_Societies.pdf,https://sahakarayukta.maharashtra.gov.in,https://sahakarayukta.maharashtra.gov.in/1105/Model-Bye-Laws?Doctype=1CC73BAD-36CA-45AA-BA03-2119E31B6337,Commissioner and Registrar of Cooperative Societies,Sahakarayukta (Registrar of Cooperative Societies),Model Bye Laws,Bye-law,Marathi,2014-05-27,2014-05-27,2026-07-14 13:11:04,,939626,,,2014,372782140ec277eab89dd074985ee5cb567ab4b1c669d7b8f4614473e840b6f6,Downloaded,
saha_20260714131106_आदरश_उपवध_-_हतमग_वणक,आदर्श उपविधी - हातमाग विणकर सहकारी संस्था,आदरश_उपवध_-_हतमग_वणकर_सहकर_ससथ_2014-05-27.pdf,dataset/Model_ByeLaws/आदरश_उपवध_-_हतमग_वणकर_सहकर_ससथ_2014-05-27.pdf,https://sahakarayukta.maharashtra.gov.in/site/upload/documents/Model_Bye-laws_Of_Handloom_Co-operative_Society.pdf,https://sahakarayukta.maharashtra.gov.in,https://sahakarayukta.maharashtra.gov.in/1105/Model-Bye-Laws?Doctype=1CC73BAD-36CA-45AA-BA03-2119E31B6337,Commissioner and Registrar of Cooperative Societies,Sahakarayukta (Registrar of Cooperative Societies),Model Bye Laws,Bye-law,Marathi,2014-05-27,2014-05-27,2026-07-14 13:11:06,,332024,,,2014,1cd910053f433a4783dcb4352b472b41c0ae1e10848161563f68de7dea675abc,Downloaded,
saha_20260714131109_आदरश_उपवध_-_मजर_सहकर,आदर्श उपविधी - मजुर सहकारी संस्था,आदरश_उपवध_-_मजर_सहकर_ससथ_2014-05-27.pdf,dataset/Model_ByeLaws/आदरश_उपवध_-_मजर_सहकर_ससथ_2014-05-27.pdf,https://sahakarayukta.maharashtra.gov.in/site/upload/documents/Model_Byelaws_Of_Labour_Co-operativei_Society.pdf,https://sahakarayukta.maharashtra.gov.in,https://sahakarayukta.maharashtra.gov.in/1105/Model-Bye-Laws?Doctype=1CC73BAD-36CA-45AA-BA03-2119E31B6337,Commissioner and Registrar of Cooperative Societies,Sahakarayukta (Registrar of Cooperative Societies),Model Bye Laws,Bye-law,Marathi,2014-05-27,2014-05-27,2026-07-14 13:11:09,,548241,,,2014,8d20431ea8696c662d004dddf94165bcc89e1fc05c0f937d8197794231f48e17,Downloaded,
saha_20260714131111_आदरश_उपवध_-_समदयक_शत,आदर्श उपविधी - सामुदायिक शेती सहकारी संस्था,आदरश_उपवध_-_समदयक_शत_सहकर_ससथ_2014-05-27.pdf,dataset/Model_ByeLaws/आदरश_उपवध_-_समदयक_शत_सहकर_ससथ_2014-05-27.pdf,https://sahakarayukta.maharashtra.gov.in/site/upload/documents/Model_Byelaws_Of_Samudaik_Sheti_Sahakari_Society.pdf,https://sahakarayukta.maharashtra.gov.in,https://sahakarayukta.maharashtra.gov.in/1105/Model-Bye-Laws?Doctype=1CC73BAD-36CA-45AA-BA03-2119E31B6337,Commissioner and Registrar of Cooperative Societies,Sahakarayukta (Registrar of Cooperative Societies),Model Bye Laws,Bye-law,Marathi,2014-05-27,2014-05-27,2026-07-14 13:11:11,,344152,,,2014,483bb82bf7fb7ad0f77a8906e8698d7c986f722baddf54bf6b91ec31107b5324,Downloaded,
saha_20260714131115_आदरश_उपवध_-_आदवस_ववध,आदर्श उपविधी - आदिवासी विविध कार्यकारी सेवा सहकारी संस्था,आदरश_उपवध_-_आदवस_ववध_करयकर_सव_सहकर_ससथ_2014-05-27.pdf,dataset/Model_ByeLaws/आदरश_उपवध_-_आदवस_ववध_करयकर_सव_सहकर_ससथ_2014-05-27.pdf,https://sahakarayukta.maharashtra.gov.in/site/upload/documents/Model_Bye-laws_Of_Adivasi_Primary_Agricultural_Co-operative_Society.pdf,https://sahakarayukta.maharashtra.gov.in,https://sahakarayukta.maharashtra.gov.in/1105/Model-Bye-Laws?Doctype=1CC73BAD-36CA-45AA-BA03-2119E31B6337,Commissioner and Registrar of Cooperative Societies,Sahakarayukta (Registrar of Cooperative Societies),Model Bye Laws,Bye-law,Marathi,2014-05-27,2014-05-27,2026-07-14 13:11:15,,712086,,,2014,80247d74a332bf68bd40ef4f096ac0574d96cd29e76c165d6b98409d32e3ec51,Downloaded,
saha_20260714131118_आदरश_उपवध_-_हसतकल_वस,आदर्श उपविधी - हस्तकला वस्तु उत्पादन सहकारी संस्था,आदरश_उपवध_-_हसतकल_वसत_उतपदन_सहकर_ससथ_2014-05-27.pdf,dataset/Model_ByeLaws/आदरश_उपवध_-_हसतकल_वसत_उतपदन_सहकर_ससथ_2014-05-27.pdf,https://sahakarayukta.maharashtra.gov.in/site/upload/documents/Model_Byelaws_Of_Hastakala_Vastu_Utpadan_Co-operativei_Society.pdf,https://sahakarayukta.maharashtra.gov.in,https://sahakarayukta.maharashtra.gov.in/1105/Model-Bye-Laws?Doctype=1CC73BAD-36CA-45AA-BA03-2119E31B6337,Commissioner and Registrar of Cooperative Societies,Sahakarayukta (Registrar of Cooperative Societies),Model Bye Laws,Bye-law,Marathi,2014-05-27,2014-05-27,2026-07-14 13:11:18,,329848,,,2014,9bb93be62ac575f0ec8831182a9326d34b39e04c8dfea319e1e609d3cfc992bd,Downloaded,
saha_20260714131120_आदरश_उपवध_-_सतगरण_सह,आदर्श उपविधी - सुतगिरणी सहकारी संस्था,आदरश_उपवध_-_सतगरण_सहकर_ससथ_2014-05-27.pdf,dataset/Model_ByeLaws/आदरश_उपवध_-_सतगरण_सहकर_ससथ_2014-05-27.pdf,https://sahakarayukta.maharashtra.gov.in/site/upload/documents/Model_Bye-laws_Of_Sootgirni_Co-operative_Society.pdf,https://sahakarayukta.maharashtra.gov.in,https://sahakarayukta.maharashtra.gov.in/1105/Model-Bye-Laws?Doctype=1CC73BAD-36CA-45AA-BA03-2119E31B6337,Commissioner and Registrar of Cooperative Societies,Sahakarayukta (Registrar of Cooperative Societies),Model Bye Laws,Bye-law,Marathi,2014-05-27,2014-05-27,2026-07-14 13:11:20,,431811,,,2014,5a4cd253932cdb488b413dff5e0009189b085d7c6b62150d383849b012d71bba,Downloaded,
saha_20260714131122_आदरश_उपवध_-_औदयगक_सह,आदर्श उपविधी - औद्योगि‍क सहकारी संस्था,आदरश_उपवध_-_औदयगक_सहकर_ससथ_2014-05-27.pdf,dataset/Model_ByeLaws/आदरश_उपवध_-_औदयगक_सहकर_ससथ_2014-05-27.pdf,https://sahakarayukta.maharashtra.gov.in/site/upload/documents/Model_Byelaws_of_Industrial_Cooperative_Society.pdf,https://sahakarayukta.maharashtra.gov.in,https://sahakarayukta.maharashtra.gov.in/1105/Model-Bye-Laws?Doctype=1CC73BAD-36CA-45AA-BA03-2119E31B6337,Commissioner and Registrar of Cooperative Societies,Sahakarayukta (Registrar of Cooperative Societies),Model Bye Laws,Bye-law,Marathi,2014-05-27,2014-05-27,2026-07-14 13:11:22,,357274,,,2014,239f86296e025c7438ee7c1dd6531a75afbede67245cad0240a88a6c97071c59,Downloaded,
saha_20260714131147_मसहससथ_अधच_कलम_77अ_7,"म.सह.संस्था अधि.चे कलम 77अ, 78अ अन्वये गृहनिर्माण संस्थांवर नेमण्यात येणा-या प्राधिकृत अधिकारी (प्रशासक) यांची नामतालिका प्रसिध्दी",मसहससथ_अधच_कलम_77अ_78अ_अनवय_गहनरमण_ससथवर_नमणयत_यण-_2025-04-09.pdf,dataset/Publications/मसहससथ_अधच_कलम_77अ_78अ_अनवय_गहनरमण_ससथवर_नमणयत_यण-_2025-04-09.pdf,https://sahakarayukta.maharashtra.gov.in/site/upload/documents/DJR Kokan  Kalam 77-78 Panel Order - 2025-26-.pdf,https://sahakarayukta.maharashtra.gov.in,https://sahakarayukta.maharashtra.gov.in/1073/Publication?Doctype=6C0E65A7-8EFF-4744-8CE8-0F734FB62FB8,Commissioner and Registrar of Cooperative Societies,Sahakarayukta (Registrar of Cooperative Societies),Publication,Other,Marathi,2025-04-09,2025-04-09,2026-07-14 13:11:47,,16312278,,,2025,7c3750b22f70c27038d15445c7bfd64ad9d43c528470011047cb573eb424dd50,Downloaded,
saha_20260714131150_रजयतल_नगर_सहकर_बकन_स,राज्यातील नागरी सहकारी बँकानी सहकारी गृहनिर्माण संस्थांना कर्जपुरवठा करणेाबाबत,रजयतल_नगर_सहकर_बकन_सहकर_गहनरमण_ससथन_करजपरवठ_करणबबत_2024-07-01.pdf,dataset/Publications/रजयतल_नगर_सहकर_बकन_सहकर_गहनरमण_ससथन_करजपरवठ_करणबबत_2024-07-01.pdf,https://sahakarayukta.maharashtra.gov.in/site/upload/documents/Provision of Housing Society loan.pdf,https://sahakarayukta.maharashtra.gov.in,https://sahakarayukta.maharashtra.gov.in/1073/Publication?Doctype=6C0E65A7-8EFF-4744-8CE8-0F734FB62FB8,Commissioner and Registrar of Cooperative Societies,Sahakarayukta (Registrar of Cooperative Societies),Publication,Other,Marathi,2024-07-01,2024-07-01,2026-07-14 13:11:50,,895441,,,2024,ffab22dcab770302a860f8b2e2ad27224d9046acfa991096e485e1c5a6596b75,Downloaded,
saha_20260714131153_सहकर_आयकत_व_नबधक_सहक,"सहकार आयुक्त व निबंधक, सहकारी संस्था- लघुटंकलेखक- व्यावसायिक चाचणी साठी पात्र उमेदवार यादी - दि.10-01-2024",सहकर_आयकत_व_नबधक_सहकर_ससथ-_लघटकलखक-_वयवसयक_चचण_सठ__2024-01-11.pdf,dataset/Publications/सहकर_आयकत_व_नबधक_सहकर_ससथ-_लघटकलखक-_वयवसयक_चचण_सठ__2024-01-11.pdf,https://sahakarayukta.maharashtra.gov.in/site/upload/documents/3-Steno Typist_Commisioner_Pune-above 45.pdf,https://sahakarayukta.maharashtra.gov.in,https://sahakarayukta.maharashtra.gov.in/1073/Publication?Doctype=6C0E65A7-8EFF-4744-8CE8-0F734FB62FB8,Commissioner and Registrar of Cooperative Societies,Sahakarayukta (Registrar of Cooperative Societies),Publication,Other,Marathi,2024-01-11,2024-01-11,2026-07-14 13:11:53,,461706,,,2024,bb328ce5ae0b713877006895012d1b23388ff192216b23c800753a5746ea3c74,Downloaded,
saha_20260714131156_सहकर_आयकत_व_नबधक_सहक,"सहकार आयुक्त व निबंधक, सहकारी संस्था- निम्नश्रेणी लघुलेखक- व्यावसायिक चाचणी साठी पात्र उमेदवार यादी - दि.10-01-2024",सहकर_आयकत_व_नबधक_सहकर_ससथ-_नमनशरण_लघलखक-_वयवसयक_चच_2024-01-11.pdf,dataset/Publications/सहकर_आयकत_व_नबधक_सहकर_ससथ-_नमनशरण_लघलखक-_वयवसयक_चच_2024-01-11.pdf,https://sahakarayukta.maharashtra.gov.in/site/upload/documents/2-Stenographer Lower Grade _Commisioner_Pune-above 45.pdf,https://sahakarayukta.maharashtra.gov.in,https://sahakarayukta.maharashtra.gov.in/1073/Publication?Doctype=6C0E65A7-8EFF-4744-8CE8-0F734FB62FB8,Commissioner and Registrar of Cooperative Societies,Sahakarayukta (Registrar of Cooperative Societies),Publication,Other,Marathi,2024-01-11,2024-01-11,2026-07-14 13:11:56,,523599,,,2024,24a9e03bc24658b58b75ec385439d463590d4e2d54295e3142793d7a4e6e3f54,Downloaded,
saha_20260714131159_सहकर_आयकत_व_नबधक_सहक,"सहकार आयुक्त व निबंधक, सहकारी संस्था- उच्चश्रेणी लघुलेखक- व्यावसायिक चाचणी साठी पात्र उमेदवार यादी - दि.10-01-2024",सहकर_आयकत_व_नबधक_सहकर_ससथ-_उचचशरण_लघलखक-_वयवसयक_चच_2024-01-11.pdf,dataset/Publications/सहकर_आयकत_व_नबधक_सहकर_ससथ-_उचचशरण_लघलखक-_वयवसयक_चच_2024-01-11.pdf,https://sahakarayukta.maharashtra.gov.in/site/upload/documents/1-Stenographer  Higher Grade _Commisioner_Pune-above 45.pdf,https://sahakarayukta.maharashtra.gov.in,https://sahakarayukta.maharashtra.gov.in/1073/Publication?Doctype=6C0E65A7-8EFF-4744-8CE8-0F734FB62FB8,Commissioner and Registrar of Cooperative Societies,Sahakarayukta (Registrar of Cooperative Societies),Publication,Other,Marathi,2024-01-11,2024-01-11,2026-07-14 13:11:59,,530467,,,2024,4e82e89c23487c538b5ccb021380612da75a02b33f4f94d00a9fc0aa0c71f6f0,Downloaded,
saha_20260714131201_सहकर_आयकत_व_नबधक_सहक,"सहकार आयुक्त व निबंधक, सहकारी संस्था- लघुटंकलेखक- तात्पुरती गुणवत्ता यादी - दि.9-01-2024",सहकर_आयकत_व_नबधक_सहकर_ससथ-_लघटकलखक-_ततपरत_गणवतत_यद_2024-01-09.pdf,dataset/Publications/सहकर_आयकत_व_नबधक_सहकर_ससथ-_लघटकलखक-_ततपरत_गणवतत_यद_2024-01-09.pdf,https://sahakarayukta.maharashtra.gov.in/site/upload/documents/3-Steno Typist_Commisioner_Pune.pdf,https://sahakarayukta.maharashtra.gov.in,https://sahakarayukta.maharashtra.gov.in/1073/Publication?Doctype=6C0E65A7-8EFF-4744-8CE8-0F734FB62FB8,Commissioner and Registrar of Cooperative Societies,Sahakarayukta (Registrar of Cooperative Societies),Publication,Other,Marathi,2024-01-09,2024-01-09,2026-07-14 13:12:01,,465260,,,2024,f71c232803d1f07deb76e4f81aa0e9529f76dac605558f08733f1ac96b02b241,Downloaded,
saha_20260714131204_सहकर_आयकत_व_नबधक_सहक,"सहकार आयुक्त व निबंधक, सहकारी संस्था- निम्नश्रेणी लघुलेखक- तात्पुरती गुणवत्ता यादी - दि.9-01-2024",सहकर_आयकत_व_नबधक_सहकर_ससथ-_नमनशरण_लघलखक-_ततपरत_गणव_2024-01-09.pdf,dataset/Publications/सहकर_आयकत_व_नबधक_सहकर_ससथ-_नमनशरण_लघलखक-_ततपरत_गणव_2024-01-09.pdf,https://sahakarayukta.maharashtra.gov.in/site/upload/documents/2-Stenographer Lower Grade _Commisioner_Pune.pdf,https://sahakarayukta.maharashtra.gov.in,https://sahakarayukta.maharashtra.gov.in/1073/Publication?Doctype=6C0E65A7-8EFF-4744-8CE8-0F734FB62FB8,Commissioner and Registrar of Cooperative Societies,Sahakarayukta (Registrar of Cooperative Societies),Publication,Other,Marathi,2024-01-09,2024-01-09,2026-07-14 13:12:04,,528734,,,2024,6b979c175288657451741fe650b784f8289f88ca058547fc1c7bc09554c15fc3,Downloaded,
saha_20260714131207_सहकर_आयकत_व_नबधक_सहक,"सहकार आयुक्त व निबंधक, सहकारी संस्था- उच्चश्रेणी लघुलेखक- तात्पुरती गुणवत्ता यादी - दि.9-01-2024",सहकर_आयकत_व_नबधक_सहकर_ससथ-_उचचशरण_लघलखक-_ततपरत_गणव_2024-01-09.pdf,dataset/Publications/सहकर_आयकत_व_नबधक_सहकर_ससथ-_उचचशरण_लघलखक-_ततपरत_गणव_2024-01-09.pdf,https://sahakarayukta.maharashtra.gov.in/site/upload/documents/1- Stenographer  Higher Grade _Commisioner_Pune.pdf,https://sahakarayukta.maharashtra.gov.in,https://sahakarayukta.maharashtra.gov.in/1073/Publication?Doctype=6C0E65A7-8EFF-4744-8CE8-0F734FB62FB8,Commissioner and Registrar of Cooperative Societies,Sahakarayukta (Registrar of Cooperative Societies),Publication,Other,Marathi,2024-01-09,2024-01-09,2026-07-14 13:12:07,,535263,,,2024,95d3232265729ad29c653a64a0d1b47905c75e24010d390340bf1838ce23269f,Downloaded,
saha_20260714131210_सहकर_ससथदवर_बकग_शबदच,सहकारी संस्थांद्वारे बँकींग शब्दाचा वापर करून ठेव रक्कम स्विकारता येत नसल्याबाबत,सहकर_ससथदवर_बकग_शबदच_वपर_करन_ठव_रककम_सवकरत_यत_नसलय_2022-07-15.pdf,dataset/Publications/सहकर_ससथदवर_बकग_शबदच_वपर_करन_ठव_रककम_सवकरत_यत_नसलय_2022-07-15.pdf,https://sahakarayukta.maharashtra.gov.in/site/upload/documents/Non use of the word Banking in the name of credit societies for accepting deposit.pdf,https://sahakarayukta.maharashtra.gov.in,https://sahakarayukta.maharashtra.gov.in/1073/Publication?Doctype=6C0E65A7-8EFF-4744-8CE8-0F734FB62FB8,Commissioner and Registrar of Cooperative Societies,Sahakarayukta (Registrar of Cooperative Societies),Publication,Other,Marathi,2022-07-15,2022-07-15,2026-07-14 13:12:10,,918488,,,2022,42b2c35081ca75caf1e5b5aa532c1dccc3ec86e6125dfe950111c37635fc816f,Downloaded,
saha_20260714131221_परधकरणतरफ_सहकर_ससथच_,प्राधिकरणातर्फे सहकारी संस्थांचे निवडणूक कामकाज करणा-या अधिका-यांची बाजू मांडणेसाठी वकीलास तालीकेवर घेणेबाबत,परधकरणतरफ_सहकर_ससथच_नवडणक_कमकज_करण-य_अधक-यच_बज_मडण_2022-04-25.pdf,dataset/Publications/परधकरणतरफ_सहकर_ससथच_नवडणक_कमकज_करण-य_अधक-यच_बज_मडण_2022-04-25.pdf,https://sahakarayukta.maharashtra.gov.in/site/upload/documents/Jodpatra A To E High court & Co op  .pdf,https://sahakarayukta.maharashtra.gov.in,https://sahakarayukta.maharashtra.gov.in/1073/Publication?Doctype=6C0E65A7-8EFF-4744-8CE8-0F734FB62FB8,Commissioner and Registrar of Cooperative Societies,Sahakarayukta (Registrar of Cooperative Societies),Publication,Election,Marathi,2022-04-25,2022-04-25,2026-07-14 13:12:21,,7461759,,,2022,63b0260c19af32210a0f76a88d82e235bad480b5997a5ac945aac90bf8bb879a,Downloaded,
saha_20260714131224_सहययक_नबधक_सहकर_ससथ_,"सहाय्यक निबंधक, सहकारी संस्था, गट-ब व विशेष लेखापरिक्षक वर्ग 2 पसंती क्रम सादर करणेबाबत",सहययक_नबधक_सहकर_ससथ_गट-ब_व_वशष_लखपरकषक_वरग_2_पसत_क_2022-03-31.pdf,dataset/Publications/सहययक_नबधक_सहकर_ससथ_गट-ब_व_वशष_लखपरकषक_वरग_2_पसत_क_2022-03-31.pdf,https://sahakarayukta.maharashtra.gov.in/site/upload/documents/preference order.PDF,https://sahakarayukta.maharashtra.gov.in,https://sahakarayukta.maharashtra.gov.in/1073/Publication?Doctype=6C0E65A7-8EFF-4744-8CE8-0F734FB62FB8,Commissioner and Registrar of Cooperative Societies,Sahakarayukta (Registrar of Cooperative Societies),Publication,Other,Marathi,2022-03-31,2022-03-31,2026-07-14 13:12:24,,331367,,,2022,302801bf6891f2a59f1843c26fdbf62ee13127a8ebb6fd2d99924e2263e8b526,Downloaded,
saha_20260714131226_सहयक_नबधक_सहकर_ससथ_ग,"सहायक निबंधक, सहकारी संस्था, गट-ब संगर्वातील प्रत्यक्ष रिक्त व संभाव्य रिक्त पदे",सहयक_नबधक_सहकर_ससथ_गट-ब_सगरवतल_परतयकष_रकत_व_सभवय_र_2022-03-31.pdf,dataset/Publications/सहयक_नबधक_सहकर_ससथ_गट-ब_सगरवतल_परतयकष_रकत_व_सभवय_र_2022-03-31.pdf,https://sahakarayukta.maharashtra.gov.in/site/upload/documents/Replaceable Letter 31 3 22.PDF,https://sahakarayukta.maharashtra.gov.in,https://sahakarayukta.maharashtra.gov.in/1073/Publication?Doctype=6C0E65A7-8EFF-4744-8CE8-0F734FB62FB8,Commissioner and Registrar of Cooperative Societies,Sahakarayukta (Registrar of Cooperative Societies),Publication,Other,Marathi,2022-03-31,2022-03-31,2026-07-14 13:12:26,,348149,,,2022,99c07e40686aa9dae8aac199ac46e804b68b804676299e4dd63911d660e5e5e6,Downloaded,
saha_20260714131229_सहरकत_पद_व_बदलपतर_अध,"सहारिक्त पदे व बदलीपात्र अधिकारी यादीयक निबंधक, सहकारी संस्था, गट-ब संगर्वातील प्रत्यक्ष रिक्त व संभाव्य रिक्त पदे",सहरकत_पद_व_बदलपतर_अधकर_यदयक_नबधक_सहकर_ससथ_गट-ब_सगर_2022-03-31.pdf,dataset/Publications/सहरकत_पद_व_बदलपतर_अधकर_यदयक_नबधक_सहकर_ससथ_गट-ब_सगर_2022-03-31.pdf,https://sahakarayukta.maharashtra.gov.in/site/upload/documents/List of Vacancies and Transferable Officers.PDF,https://sahakarayukta.maharashtra.gov.in,https://sahakarayukta.maharashtra.gov.in/1073/Publication?Doctype=6C0E65A7-8EFF-4744-8CE8-0F734FB62FB8,Commissioner and Registrar of Cooperative Societies,Sahakarayukta (Registrar of Cooperative Societies),Publication,Other,Marathi,2022-03-31,2022-03-31,2026-07-14 13:12:29,,576352,,,2022,5dae352b9e369d4336ac6c063dd327b6730ef7fea7abe78deb18a1b799fb77cf,Downloaded,
saha_20260714131231_महरषटर_सहकर_ससथ_अधनय,"महाराष्ट्र सहकारी संस्था, अधिनियम 1960 चे कलम 101 च्या संदर्भातील या कार्यालयाच्या दि. 4 जुलै 2016 च्या परिपत्रकात नमूद केलेल्या संदर्भ क्र. 2 च्या ‍डिसेंबर 2007 च्या परिपत्रकाची प्रत.",महरषटर_सहकर_ससथ_अधनयम_1960_च_कलम_101_चय_सदरभतल_य_क_2021-01-07.pdf,dataset/Publications/महरषटर_सहकर_ससथ_अधनयम_1960_च_कलम_101_चय_सदरभतल_य_क_2021-01-07.pdf,https://sahakarayukta.maharashtra.gov.in/site/upload/documents/101 वसुली प्रमाणपत्राबाबत परिपत्रक.pdf,https://sahakarayukta.maharashtra.gov.in,https://sahakarayukta.maharashtra.gov.in/1073/Publication?Doctype=6C0E65A7-8EFF-4744-8CE8-0F734FB62FB8,Commissioner and Registrar of Cooperative Societies,Sahakarayukta (Registrar of Cooperative Societies),Publication,Act,Marathi,2021-01-07,2021-01-07,2026-07-14 13:12:31,,621059,,,2021,005a673e31736da378010e2523e0e291996a66ffb1d5d063155ec7b75202e6be,Downloaded,
saha_20260714131236_क_व_ड_वरगतल_सहकर_ससथ,“क” व “ड” वर्गातील सहकारी संस्थांचे निवडणूक निर्णय अधिकारी / प्राधिकृत अधिकारी यांचे नामतालिकासाठी अर्ज सादर करणेबाबत,क_व_ड_वरगतल_सहकर_ससथच_नवडणक_नरणय_अधकर___परधकत_अधकर_2020-07-20.pdf,dataset/Publications/क_व_ड_वरगतल_सहकर_ससथच_नवडणक_नरणय_अधकर___परधकत_अधकर_2020-07-20.pdf,https://sahakarayukta.maharashtra.gov.in/site/upload/documents/C & D Ro Namtalika Format.pdf,https://sahakarayukta.maharashtra.gov.in,https://sahakarayukta.maharashtra.gov.in/1073/Publication?Doctype=6C0E65A7-8EFF-4744-8CE8-0F734FB62FB8,Commissioner and Registrar of Cooperative Societies,Sahakarayukta (Registrar of Cooperative Societies),Publication,Election,Marathi,2020-07-20,2020-07-20,2026-07-14 13:12:36,,1950511,,,2020,6c42314c4a2e8c5a43bfdde70f7156f77ae362e7297d8732da8c436a2581b064,Downloaded,
saha_20260714131241_क_व_ड_वरगतल_सहकर_ससथ,‘क’ व ‘ड’ वर्गातील सहकारी संस्थांचे निवडणूक निर्णय अधिकारी प्राधिकृत अधिकारी यांची नामतालिका तयार करण्यासाठी सर्वसाधारण मार्गदर्शक सुचना.,क_व_ड_वरगतल_सहकर_ससथच_नवडणक_नरणय_अधकर_परधकत_अधकर_य_2019-12-06.pdf,dataset/Publications/क_व_ड_वरगतल_सहकर_ससथच_नवडणक_नरणय_अधकर_परधकत_अधकर_य_2019-12-06.pdf,https://sahakarayukta.maharashtra.gov.in/site/upload/documents/Empanelment- returning officer for Election of C & D type.pdf,https://sahakarayukta.maharashtra.gov.in,https://sahakarayukta.maharashtra.gov.in/1073/Publication?Doctype=6C0E65A7-8EFF-4744-8CE8-0F734FB62FB8,Commissioner and Registrar of Cooperative Societies,Sahakarayukta (Registrar of Cooperative Societies),Publication,Guideline,Marathi,2019-12-06,2019-12-06,2026-07-14 13:12:41,,2557546,,,2019,55cb5e12eba8dda4ec9314c4b77453e6405e7220caee009b74ad91e5f31b12ac,Downloaded,
saha_20260714131245_बहरजयय_सहकर_ससथ_अधनय,बहुराज्यीय सहकारी संस्था अधिनियम 2002 चे कलम 84(4) अन्वये सन 2019-2022 या कालावधीसाठीची अंतिम लवाद नामतालिका,बहरजयय_सहकर_ससथ_अधनयम_2002_च_कलम_844_अनवय_सन_2019-_2019-03-01.pdf,dataset/Publications/बहरजयय_सहकर_ससथ_अधनयम_2002_च_कलम_844_अनवय_सन_2019-_2019-03-01.pdf,https://sahakarayukta.maharashtra.gov.in/site/upload/documents/Arbitrator  pannel  final  list for the year 2019-2022.pdf,https://sahakarayukta.maharashtra.gov.in,https://sahakarayukta.maharashtra.gov.in/1073/Publication?Doctype=6C0E65A7-8EFF-4744-8CE8-0F734FB62FB8,Commissioner and Registrar of Cooperative Societies,Sahakarayukta (Registrar of Cooperative Societies),Publication,Act,Marathi,2019-03-01,2019-03-01,2026-07-14 13:12:45,,1335555,,,2019,b5211529881dcdbfc2e5de587483ca351685af045b6733f6889c01604073e4a7,Downloaded,
saha_20260714131251_अधसचन_महरषटर_सहकर_सस,अधिसूचना महाराष्ट्र सहकारी संस्था नियम 1961 मध्ये सुधारणा मसुदा प्रकरण 11-अ,अधसचन_महरषटर_सहकर_ससथ_नयम_1961_मधय_सधरण_मसद_परकरण__2019-02-05.pdf,dataset/Publications/अधसचन_महरषटर_सहकर_ससथ_नयम_1961_मधय_सधरण_मसद_परकरण__2019-02-05.pdf,https://sahakarayukta.maharashtra.gov.in/site/upload/documents/Notification Maharashta Co-operative Societies Rule 1961 Draft of Amendment Chapter 11-A.pdf,https://sahakarayukta.maharashtra.gov.in,https://sahakarayukta.maharashtra.gov.in/1073/Publication?Doctype=6C0E65A7-8EFF-4744-8CE8-0F734FB62FB8,Commissioner and Registrar of Cooperative Societies,Sahakarayukta (Registrar of Cooperative Societies),Publication,Rule,Marathi,2019-02-05,2019-02-05,2026-07-14 13:12:51,,3098553,,,2019,b1a6c56e996de62e9ac496aa4d11312d41e11a5d9355d87be213b45fae4862ce,Downloaded,
saha_20260714131259_महरषटर_सहकर_ससथ_नयम_,महाराष्ट्र सहकारी संस्था नियम 1961 मध्ये सुधारणा मसुदा प्रकरण 11-अ- नियमक मंडळाचे कामकाज चालविणे,महरषटर_सहकर_ससथ_नयम_1961_मधय_सधरण_मसद_परकरण_11-अ-__2019-02-02.pdf,dataset/Publications/महरषटर_सहकर_ससथ_नयम_1961_मधय_सधरण_मसद_परकरण_11-अ-__2019-02-02.pdf,https://sahakarayukta.maharashtra.gov.in/site/upload/documents/Maharashtra Co-operative Societies Rule 1961 Draft of Amendment Chapter 11-A-Conduct of Business of Regulatory Board.pdf,https://sahakarayukta.maharashtra.gov.in,https://sahakarayukta.maharashtra.gov.in/1073/Publication?Doctype=6C0E65A7-8EFF-4744-8CE8-0F734FB62FB8,Commissioner and Registrar of Cooperative Societies,Sahakarayukta (Registrar of Cooperative Societies),Publication,Rule,Marathi,2019-02-02,2019-02-02,2026-07-14 13:12:59,,3098553,,,2019,b1a6c56e996de62e9ac496aa4d11312d41e11a5d9355d87be213b45fae4862ce,Downloaded,
saha_20260714131302_रजयतल_वततय_सहकर_ससथच,राज्यातील वित्तीय सहकारी संस्थांचे लेखापरीक्षण अहवाल छाननी कामकाजाबाबत,रजयतल_वततय_सहकर_ससथच_लखपरकषण_अहवल_छनन_कमकजबबत_2018-10-30.pdf,dataset/Publications/रजयतल_वततय_सहकर_ससथच_लखपरकषण_अहवल_छनन_कमकजबबत_2018-10-30.pdf,https://sahakarayukta.maharashtra.gov.in/site/upload/documents/Scrutiny of Audit Reports of financial co-operative societies in the state.pdf,https://sahakarayukta.maharashtra.gov.in,https://sahakarayukta.maharashtra.gov.in/1073/Publication?Doctype=6C0E65A7-8EFF-4744-8CE8-0F734FB62FB8,Commissioner and Registrar of Cooperative Societies,Sahakarayukta (Registrar of Cooperative Societies),Publication,Audit,Marathi,2018-10-30,2018-10-30,2026-07-14 13:13:02,,1735115,,,2018,c1fa1d0ecf6296dc3f369fbfaaca6b93e3de6ed8949ccfed37d4daf7da64861f,Downloaded,
saha_20260714131325_दनक_-_31_मरच_2018अखर,दिनांक - 31 मार्च 2018अखेर अस्तित्वात असणा-या निरनिराळया प्रकारच्या सहकारी संस्थांची संख्या दर्शविणारे प्रपत्र अ - वा-24 (अपेंडिक्स-ए),दनक_-_31_मरच_2018अखर_असततवत_असण-य_नरनरळय_परकरचय_सह_2018-10-01.pdf,dataset/Publications/दनक_-_31_मरच_2018अखर_असततवत_असण-य_नरनरळय_परकरचय_सह_2018-10-01.pdf,https://sahakarayukta.maharashtra.gov.in/site/upload/documents/Appendix-A 2018_Final.pdf,https://sahakarayukta.maharashtra.gov.in,https://sahakarayukta.maharashtra.gov.in/1073/Publication?Doctype=6C0E65A7-8EFF-4744-8CE8-0F734FB62FB8,Commissioner and Registrar of Cooperative Societies,Sahakarayukta (Registrar of Cooperative Societies),Publication,Other,Marathi,2018-10-01,2018-10-01,2026-07-14 13:13:25,,16191706,,,2018,dd508547f3dd94930b7652d88b8b014d68e0087631e8085a25bb8c6030764970,Downloaded,
